title,description,location,start,end,url,uid,category,last_modified,created,source_ics,source_page,is_community_event,confidence,needs_review
Ribbon Cutting - White Cap Street Cafe,"Join the Perdido Key Area Chamber of Commerce as we celebrate the Ribbon Cutting Celebration for White Cap Street Cafe! Join in the celebration on October 1st at 9:00AM located at 5601 Ayllon Ave! 



White Cap Street Cafe is an all-day breakfast eatery that also features lunch after 10:30AM. Fresh pastries, green chile breakfast burritos, breakfast sammies, and homemade conecuh and sausage gravy over biscuits. A little nook tucked back away from traffic under Cyprus trees on the corner of Ayllon Street.","White Cap Street Cafe 5601 Ayllon Ave Pensacola, FL",2025-10-01T14:00:00+00:00,2025-10-01T15:00:00+00:00,https://business.perdidochamber.com/events/details/ribbon-cutting-white-cap-street-cafe-39458,e.2644.39458,,,,https://business.perdidochamber.com/events/ical/ribbon-cutting-white-cap-street-cafe-39458.ics,https://business.perdidochamber.com/events/details/ribbon-cutting-white-cap-street-cafe-39458?calendarMonth=2025-10-01,1.0,0.8725161604535839,False
Team Trivia at Lillian's Pizza,"Think you have what it takes to be crowned the trivia master? Join us for Team Trivia every Wednesday at Lillian's Pizza! It's FREE to play, and there are great prizes for the top 3 winning teams. Come early, grab dinner or drinks, and enjoy a fun evening with friends. We start at 7 PM see you there!","Lillian's Pizza 14514 Perdido Key Drive, Pensacola 32507 850-492-0131",2025-10-02T00:00:00+00:00,2025-10-02T02:00:00+00:00,https://business.perdidochamber.com/events/details/team-trivia-at-lillian-s-pizza-10-01-2025-39385,e.2644.39385,,,,https://business.perdidochamber.com/events/ical/team-trivia-at-lillian-s-pizza-10-01-2025-39385.ics,https://business.perdidochamber.com/events/details/team-trivia-at-lillian-s-pizza-10-01-2025-39385?calendarMonth=2025-10-01,1.0,0.9850716303791992,False
Trick or Dink Open Play,"Get ready for a spooktacular time at Trick or Dink Open Play at Pickleball at OWA! Come celebrate the season with us every Thursday in October from 1:00 to 5:00 PM. Non-members play for $7, and members play free! Grab your BONES (paddles) and bring your ghostly crew for an afternoon of friendly competition. It's the perfect way to enjoy the season!



Check out all the details and register here: https://visitowa.com/entertainment/.",Pickleball at OWA,2025-10-02T18:00:00+00:00,2025-10-02T22:00:00+00:00,https://business.perdidochamber.com/events/details/trick-or-dink-open-play-39466,e.2644.39466,,,,https://business.perdidochamber.com/events/ical/trick-or-dink-open-play-39466.ics,https://business.perdidochamber.com/events/details/trick-or-dink-open-play-39466?calendarMonth=2025-10-01,1.0,0.978826472293303,False
Throwback Family Game Night,"?? Grab your crew and travel back in time with us at Green Line Arms for our first Retro Game Night. A family-friendly event filled with old-school gaming, pixelated memories, and community fun! ?? One lane will be open for our Virtual Shooting Range, while the other lanes will host: Classic Nintendo 64 games Your favorite PlayStation throwbacks Modern fun on the Xbox Our new First Thursday tradition is a casual way to hang out, unwind, and get the whole family out of the house. ?? Time: 6:00 8:00 PM ?? Where:1350 S. Blue Angel Parkway ?? Cost: Free to attend ?? Snacks + drinks available for purchase",1350 S. Blue Angel Parkway,2025-10-02T23:00:00+00:00,2025-10-03T01:00:00+00:00,https://business.perdidochamber.com/events/details/throwback-family-game-night-10-02-2025-39414,e.2644.39414,,,,https://business.perdidochamber.com/events/ical/throwback-family-game-night-10-02-2025-39414.ics,https://business.perdidochamber.com/events/details/throwback-family-game-night-10-02-2025-39414?calendarMonth=2025-10-01,1.0,0.9653595186077674,False
Music Bingo at Perdido Key Sports Bar,"Kick off your weekend early with Music Bingo by Team Trivia every Thursday at Perdido Key Sports Bar! We'll be spinning hits from the 60s to the 2000s covering all your favorite genres. It's FREE to play, and we've got prizes for every winner! Come early, grab some dinner or drinks, and enjoy a fun night of music and good vibes. We start at 7 PM see you there!",Perdido Key Sports Bar & Restaurant,2025-10-03T00:00:00+00:00,2025-10-03T02:00:00+00:00,https://business.perdidochamber.com/events/details/music-bingo-at-perdido-key-sports-bar-10-02-2025-39342,e.2644.39342,,,,https://business.perdidochamber.com/events/ical/music-bingo-at-perdido-key-sports-bar-10-02-2025-39342.ics,https://business.perdidochamber.com/events/details/music-bingo-at-perdido-key-sports-bar-10-02-2025-39342?calendarMonth=2025-10-01,1.0,0.9788971657339492,False
Holes Fore Hope,"Holes Fore Hope is a four person scramble where each player has a chance to advance their team to the winners' circle. Mulligans are available for purchase at the beginning of the tournament, and contests for other prizes are set throughout the course. Competitions include longest drive, the closest putt, and don't forget our famous ball drop!

The tournament also includes a 50/50 raffle, basket raffles and more, in which all participants and guests are welcome to participate. All proceeds from this tournament go to helping support the programs and services of The Centre For Excellence of Pensacola. 



As a non-profit organization, The Centre for Excellence of Pensacola relies on monthly donors, government and private grants, as well as our annual fundraisers for the resources we need to impact lives in our community. Holes Fore Hope is the Centre's Annual Charity Golf Tournament that helps support the Centre's programs and services throughout the entirety of the following year, including: A.W.A.R.E. Initiative, Community Table, Hand Up Practical Skills Classes, andJamie's Mom's House.","Osceola Golf course 300 Tonawanda Dr, Pensacola, FL 32506",2025-10-03T13:00:00+00:00,2025-10-03T18:00:00+00:00,https://business.perdidochamber.com/events/details/holes-fore-hope-10-03-2025-39090,e.2644.39090,,,,https://business.perdidochamber.com/events/ical/holes-fore-hope-10-03-2025-39090.ics,https://business.perdidochamber.com/events/details/holes-fore-hope-10-03-2025-39090?calendarMonth=2025-10-01,1.0,0.866885599644514,False
Smash Bros & Mario Kart Tournaments,"Gamers, get ready to compete! Every Sunday, Arcade at OWA hosts action-packed tournaments featuring Super Smash Bros at 6 pm and Mario Kart at 7:15 pm. For just $12, you can join the fun and test your skills.

Whether you're smashing your way to victory or racing to the finish line, these tournaments are the perfect way to challenge friends, meet fellow gamers, and level up your weekend. Grab your controller and join us for the ultimate Sunday showdown!",Arcade at OWA,2025-10-05,2025-10-06,https://business.perdidochamber.com/events/details/smash-bros-mario-kart-tournaments-10-05-2025-38451,e.2644.38451,,,,https://business.perdidochamber.com/events/ical/smash-bros-mario-kart-tournaments-10-05-2025-38451.ics,https://business.perdidochamber.com/events/details/smash-bros-mario-kart-tournaments-10-05-2025-38451?calendarMonth=2025-10-01,1.0,0.9970558181211278,False
Luna's Oktoberfest,"Join us for our 9th Oktoberfest on Sunday, October 5th from 1:00 to 5:00 p.m. Enjoy great German food, modern polka music by The Brats, Stein hoisting, games, and tons of Oktoberfest-style beers and german wines. Tickets are $15 per person. It will include your 1st beer or wine, a glass, a Luna's koozie, and entertainment. Ages 21 and up need to purchase an admission ticket. Beer, wine, and food tickets will be available for purchase separately. We are also partnering with the Makos Arts, Academics, Athletic Club (MAAAC).","25689 Canal Rd Suite B, Orange Beach, AL 36561",2025-10-05T18:00:00+00:00,2025-10-05T22:00:00+00:00,https://business.perdidochamber.com/events/details/luna-s-oktoberfest-39415,e.2644.39415,,,,https://business.perdidochamber.com/events/ical/luna-s-oktoberfest-39415.ics,https://business.perdidochamber.com/events/details/luna-s-oktoberfest-39415?calendarMonth=2025-10-01,1.0,0.9898662505385357,False
"Perdido Key Restaurant Week ""Eat Like a Local""","It's time to celebrate our local dining scene! Restaurant Week is your chance to get out, support the incredible restaurants in our community, and maybe even discover a new favorite. All week long, participating restaurants will be offering specials and unique dishes just for you. Grab your friends, make a reservation, and enjoy the flavors our local chefs have to offer   let's make this a week full of delicious memories!



Participating Restaurant Specials!",Different local Perdido area restaurants! Check back as we continue to add more restaurants to the list!,2025-10-06,2025-10-13,https://business.perdidochamber.com/events/details/perdido-key-restaurant-week-eat-like-a-local-39463,e.2644.39463,,,,https://business.perdidochamber.com/events/ical/perdido-key-restaurant-week-eat-like-a-local-39463.ics,https://business.perdidochamber.com/events/details/perdido-key-restaurant-week-eat-like-a-local-39463?calendarMonth=2025-10-01,1.0,0.9175481296726107,False
Music Bingo at Lillian's Pizza,"Kick off your weekend early with Music Bingo by Team Trivia every Monday at Lillian's Pizza! We'll be spinning hits from the 60s to the 2000s covering all your favorite genres. It's FREE to play, and we've got prizes for every winner! Come early, grab some dinner or drinks, and enjoy a fun night of music and good vibes. We start at 7 PM see you there!","Lillian's Pizza 14514 Perdido Key Drive, Pensacola 32507 850-492-0131",2025-10-07T00:00:00+00:00,2025-10-07T02:00:00+00:00,https://business.perdidochamber.com/events/details/music-bingo-at-lillian-s-pizza-10-06-2025-39364,e.2644.39364,,,,https://business.perdidochamber.com/events/ical/music-bingo-at-lillian-s-pizza-10-06-2025-39364.ics,https://business.perdidochamber.com/events/details/music-bingo-at-lillian-s-pizza-10-06-2025-39364?calendarMonth=2025-10-01,1.0,0.978881748534253,False
Team Trivia at Perdido Key Sports Bar,"Think you have what it takes to be crowned the trivia master? Join us for Team Trivia every Tuesday at Perdido Key Sports Bar! It's FREE to play, and there are great prizes for the top 3 winning teams. Come early, grab dinner or drinks, and enjoy a fun evening with friends. We start at 7 PM see you there!","Perdido Key Sports Bar & Restaurant 13583 Perdido Key Drive, Pensacola 32507",2025-10-08T00:00:00+00:00,2025-10-08T02:00:00+00:00,https://business.perdidochamber.com/events/details/team-trivia-at-perdido-key-sports-bar-10-07-2025-39122,e.2644.39122,,,,https://business.perdidochamber.com/events/ical/team-trivia-at-perdido-key-sports-bar-10-07-2025-39122.ics,https://business.perdidochamber.com/events/details/team-trivia-at-perdido-key-sports-bar-10-07-2025-39122?calendarMonth=2025-10-01,1.0,0.9788666679466308,False
Team Trivia at Lillian's Pizza,"Think you have what it takes to be crowned the trivia master? Join us for Team Trivia every Wednesday at Lillian's Pizza! It's FREE to play, and there are great prizes for the top 3 winning teams. Come early, grab dinner or drinks, and enjoy a fun evening with friends. We start at 7 PM see you there!","Lillian's Pizza 14514 Perdido Key Drive, Pensacola 32507 850-492-0131",2025-10-09T00:00:00+00:00,2025-10-09T02:00:00+00:00,https://business.perdidochamber.com/events/details/team-trivia-at-lillian-s-pizza-10-08-2025-39386,e.2644.39386,,,,https://business.perdidochamber.com/events/ical/team-trivia-at-lillian-s-pizza-10-08-2025-39386.ics,https://business.perdidochamber.com/events/details/team-trivia-at-lillian-s-pizza-10-08-2025-39386?calendarMonth=2025-10-01,1.0,0.9850716303791992,False
Trick or Dink Open Play,"Get ready for a spooktacular time at Trick or Dink Open Play at Pickleball at OWA! Come celebrate the season with us every Thursday in October from 1:00 to 5:00 PM. Non-members play for $7, and members play free! Grab your BONES (paddles) and bring your ghostly crew for an afternoon of friendly competition. It's the perfect way to enjoy the season!



Check out all the details and register here: https://visitowa.com/entertainment/.",Pickleball at OWA,2025-10-09T18:00:00+00:00,2025-10-09T22:00:00+00:00,https://business.perdidochamber.com/events/details/trick-or-dink-open-play-10-09-2025-39467,e.2644.39467,,,,https://business.perdidochamber.com/events/ical/trick-or-dink-open-play-10-09-2025-39467.ics,https://business.perdidochamber.com/events/details/trick-or-dink-open-play-10-09-2025-39467?calendarMonth=2025-10-01,1.0,0.978826472293303,False
Buzz Runners,"All are welcome, no matter your pace! Whether you're a speedy sprinter, steady jogger, or happy walker, this is the perfect way to get outside, meet new friends, and kick off your evening right.

 

Join us for a relaxed 5K run/walk, then stick around for good vibes, cold drinks, and $1 off pints after the run!",Beach Buzz 12700 Gulf Beach Highway,2025-10-09T22:30:00+00:00,2025-10-09T23:30:00+00:00,https://business.perdidochamber.com/events/details/buzz-runners-39490,e.2644.39490,,,,https://business.perdidochamber.com/events/ical/buzz-runners-39490.ics,https://business.perdidochamber.com/events/details/buzz-runners-39490?calendarMonth=2025-10-01,1.0,0.978860580376362,False
Music Bingo at Perdido Key Sports Bar,"Kick off your weekend early with Music Bingo by Team Trivia every Thursday at Perdido Key Sports Bar! We'll be spinning hits from the 60s to the 2000s covering all your favorite genres. It's FREE to play, and we've got prizes for every winner! Come early, grab some dinner or drinks, and enjoy a fun night of music and good vibes. We start at 7 PM see you there!",Perdido Key Sports Bar & Restaurant,2025-10-10T00:00:00+00:00,2025-10-10T02:00:00+00:00,https://business.perdidochamber.com/events/details/music-bingo-at-perdido-key-sports-bar-10-09-2025-39343,e.2644.39343,,,,https://business.perdidochamber.com/events/ical/music-bingo-at-perdido-key-sports-bar-10-09-2025-39343.ics,https://business.perdidochamber.com/events/details/music-bingo-at-perdido-key-sports-bar-10-09-2025-39343?calendarMonth=2025-10-01,1.0,0.9788971657339492,False
Halloween at OWA,"Find frightful fun in Downtown OWA for a Halloween season full of candy, costumes, and more! Starting October 11th, join us on Saturdays and Sundays as Downtown OWA transforms into a spooktacular destination filled with thrilling events for all ages.



From an ALL-NEW Drone Show at HalGLOWeen to four-legged fun at Howl-O-Ween, there's something new to experience each week! Kids can enjoy trick-or-treating on select dates, while families and friends can gather for events like Monster Bash and Island BOOvie Nights.



Check out all the details: https://visitowa.com/halloween-at-owa/.



Save the dates below for a Halloween celebration that will leave you screaming for more!

 

Schedule of Events

Saturday, October 11th

	2:00pm-8:00pm:
	
		Howl-o-ween | Check out the details here: https://visitowa.com/halloween-at-owa/.
		Kids Activities:
		
			Pumpkin Tic-Tac-Toe at the Splashpad
			Broom Stick Racing at the Waffles R Wild Alcove
			Witch Hat Ring Toss at the Native Treasures Alcove
		
		
	
	
	4:00pm-7:00pm: Festive Marquee Light Photo Ops throughout Downtown OWA

Sunday, October 12th


	4:00pm-7:00pm: 

	
		Kids Activities:
		
			Pumpkin Tic-Tac-Toe at the Splashpad
			Broom Stick Racing at the Waffles R Wild Alcove
			Witch Hat Ring Toss at the Native Treasures Alcove
		
		
		Festive Marquee Light Photo Ops throughout Downtown OWA
	
	
	6:00 pm: Island BOOvie Night: Halloweentown

Saturday, October 18th


	2:00pm-6:00pm: 

	
		Kids Activities:
		
			Pumpkin Tic-Tac-Toe at the Splashpad
			Broom Stick Racing at the Waffles R Wild Alcove
			Witch Hat Ring Toss at the Native Treasures Alcove
		
		
		Live DJ music at the Splashpad
	
	
	2:00pm-9:00pm: Festive Marquee Light Photo Ops throughout Downtown OWA
	6:00pm-9:00pm: HalGLOWeen & Drone Show in Downtown OWA | Check out the details here: https://visitowa.com/halgloween-drone-show/.

Sunday, October 19th


	4:00pm-7:00pm: 

	
		Kids Activities:
		
			Pumpkin Tic-Tac-Toe at the Splashpad
			Ghost Hunt at the Waffles R Wild Alcove
			Witch Hat Ring Toss at the Native Treasures Alcove
		
		
		Festive Marquee Light Photo Ops throughout Downtown OWA
	
	
	6:00 pm: Island BOOvie Night: Hocus Pocus

Saturday, October 25th | Trick-or-Treating


	11:00 am-9:00 pm: Monster Bash in Downtown OWA | Check out the details here: https://visitowa.com/monster-bash/.
	1:00pm-9:00pm: Kids Activities:
	
		DIY Trick-or-Treat Bag at the Sweet Tooth Flowerbed
		Ghost Hunt at the Waffles R Wild Alcove
		Witch Hat Ring Toss at the Native Treasures Alcove
	
	
	4:00pm-7:00pm:
	
		Free Trick-or-Treating throughout Downtown OWA | Participating businesses in Downtown OWA will be marked on their windows. **While supplies last**
		Characters Trick-or-Treat Stations throughout Downtown OWA
		Festive Marquee Light Photo Ops throughout Downtown OWA
	
	

Sunday, October 26th | Trick-or-Treating


	4:00pm-7:00pm:

	
		Free Trick-or-Treating throughout Downtown OWA | Participating businesses in Downtown OWA will be marked on their windows. **While supplies last**
		Kids Activities:
		
			DIY Trick-or-Treat Bag at the Sweet Tooth Flowerbed
			Ghost Hunt at the Waffles R Wild Alcove
			Creative Cruiser Pumpkin Decorating at the Splashpad
		
		
		Characters Trick-or-Treat Stations throughout Downtown OWA
		Festive Marquee Light Photo Ops throughout Downtown OWA
	
	
	6:00 pm: Island BOOvie Night: Double Double Toil and Trouble

Thursday, October 31st | Trick-or-Treating


	4:00pm-7:00pm:

	
		Free Trick-or-Treating throughout Downtown OWA | Participating businesses in Downtown OWA will be marked on their windows. **While supplies last**
		Kids Activities:
		
			DIY Trick-or-Treat Bag at the Sweet Tooth Flowerbed
			Ghost Hunt at the Waffles R Wild Alcove
			Witch Hat Ring Toss at the Natie Treasures Alcove
		
		
		Live DJ music at the Splashpad
		Characters Trick-or-Treat Stations throughout Downtown OWA
		Festive Marquee Light Photo Ops throughout Downtown OWA",Downtown OWA,2025-10-11,2025-10-12,https://business.perdidochamber.com/events/details/halloween-at-owa-39472,e.2644.39472,,,,https://business.perdidochamber.com/events/ical/halloween-at-owa-39472.ics,https://business.perdidochamber.com/events/details/halloween-at-owa-39472?calendarMonth=2025-10-01,1.0,0.9896135808582285,False
Howl-o-ween,"Bring the whole family, two-legged and four-legged, for Howl-o-ween in Downtown OWA on October 11th! Kids can enjoy free crafts, face painting, carnival games, and festive activities, while pups get their chance to shine in the Halloween Dog Costume Contest on OWA Island. With categories like Cutest, Funniest, Spookiest, and Best Owner/Dog Duo, furry contestants can win cash prizes up to $100. Registration is just $10 in advance or $15 the day of, with all proceeds benefiting the Baldwin County Animal Shelter. After the contest, stick around for Island Movie Night featuring Scooby-Doo 2: Monsters Unleashed. It's a paw-some way to celebrate Halloween with the whole family while giving back to a great cause!



Register your pup for the Halloween Costume Contest today: https://visitowa.com/howl-o-ween/",Downtown OWA,2025-10-11T19:00:00+00:00,2025-10-12T01:00:00+00:00,https://business.perdidochamber.com/events/details/howl-o-ween-39471,e.2644.39471,,,,https://business.perdidochamber.com/events/ical/howl-o-ween-39471.ics,https://business.perdidochamber.com/events/details/howl-o-ween-39471?calendarMonth=2025-10-01,1.0,0.9966270114416196,False
A Choral Society Mixtape,"THE CHORAL SOCIETY of PENSACOLA: PRESENTS A Choral Society Mixtape on Saturday, October 11, 2025 at 7:30pm. Over many months, concertgoers responded via survey voting on pieces they'd like to hear us perform. We've chosen a varied program from the requests, ranging from familiar to rarely heard. The Choral Society of Pensacola invites music lovers to experience this concert, in the sanctuary of Cokesbury Church (5725 North Ninth Avenue). The concert also includes   ""One Day More"" from Les Miserables (Claude-Michel Schonberg)   the clear winner according to the polls   ""Lacrymosa"" from Requiem (Mozart)   a close runner-up and audience favorite   ""Bridge Over Troubled Water"" (Paul Simon, arr. Shaw)   ""Sure on This Shining Night"" (Morten Lauridsen)   ""Daemon Irrepit Callidus"" (Gyorgy Orban) Directing our 105-voice chorus, we are excited to welcome back two Directors-Emeritus: Xiaolun Chen and Paul McGahie alongside current Artistic Director Peter Steenblik. They are joined by pianist Isabelle Areola. Steenblik will post a preview of the program on the Choral Society's YouTube channel on Monday, September 29th. Tickets may be purchased at Purplepass.com or through the Pensacola State College Department of Performing Arts ticket office (850-484-1847). For concerns about accessibility or any other questions, email support@choralsocietyofpensacola.org.","Cokesbury Church 5725 N 9th Ave, Pensacola, FL 32504",2025-10-12T00:30:00+00:00,2025-10-12T02:00:00+00:00,https://business.perdidochamber.com/events/details/a-choral-society-mixtape-39461,e.2644.39461,,,,https://business.perdidochamber.com/events/ical/a-choral-society-mixtape-39461.ics,https://business.perdidochamber.com/events/details/a-choral-society-mixtape-39461?calendarMonth=2025-10-01,1.0,0.9788937260285991,False
Halloween at OWA,"Find frightful fun in Downtown OWA for a Halloween season full of candy, costumes, and more! Starting October 11th, join us on Saturdays and Sundays as Downtown OWA transforms into a spooktacular destination filled with thrilling events for all ages.



From an ALL-NEW Drone Show at HalGLOWeen to four-legged fun at Howl-O-Ween, there's something new to experience each week! Kids can enjoy trick-or-treating on select dates, while families and friends can gather for events like Monster Bash and Island BOOvie Nights.



Check out all the details: https://visitowa.com/halloween-at-owa/.



Save the dates below for a Halloween celebration that will leave you screaming for more!

 

Schedule of Events

Saturday, October 11th

	2:00pm-8:00pm:
	
		Howl-o-ween | Check out the details here: https://visitowa.com/halloween-at-owa/.
		Kids Activities:
		
			Pumpkin Tic-Tac-Toe at the Splashpad
			Broom Stick Racing at the Waffles R Wild Alcove
			Witch Hat Ring Toss at the Native Treasures Alcove
		
		
	
	
	4:00pm-7:00pm: Festive Marquee Light Photo Ops throughout Downtown OWA

Sunday, October 12th


	4:00pm-7:00pm: 

	
		Kids Activities:
		
			Pumpkin Tic-Tac-Toe at the Splashpad
			Broom Stick Racing at the Waffles R Wild Alcove
			Witch Hat Ring Toss at the Native Treasures Alcove
		
		
		Festive Marquee Light Photo Ops throughout Downtown OWA
	
	
	6:00 pm: Island BOOvie Night: Halloweentown

Saturday, October 18th


	2:00pm-6:00pm: 

	
		Kids Activities:
		
			Pumpkin Tic-Tac-Toe at the Splashpad
			Broom Stick Racing at the Waffles R Wild Alcove
			Witch Hat Ring Toss at the Native Treasures Alcove
		
		
		Live DJ music at the Splashpad
	
	
	2:00pm-9:00pm: Festive Marquee Light Photo Ops throughout Downtown OWA
	6:00pm-9:00pm: HalGLOWeen & Drone Show in Downtown OWA | Check out the details here: https://visitowa.com/halgloween-drone-show/.

Sunday, October 19th


	4:00pm-7:00pm: 

	
		Kids Activities:
		
			Pumpkin Tic-Tac-Toe at the Splashpad
			Ghost Hunt at the Waffles R Wild Alcove
			Witch Hat Ring Toss at the Native Treasures Alcove
		
		
		Festive Marquee Light Photo Ops throughout Downtown OWA
	
	
	6:00 pm: Island BOOvie Night: Hocus Pocus

Saturday, October 25th | Trick-or-Treating


	11:00 am-9:00 pm: Monster Bash in Downtown OWA | Check out the details here: https://visitowa.com/monster-bash/.
	1:00pm-9:00pm: Kids Activities:
	
		DIY Trick-or-Treat Bag at the Sweet Tooth Flowerbed
		Ghost Hunt at the Waffles R Wild Alcove
		Witch Hat Ring Toss at the Native Treasures Alcove
	
	
	4:00pm-7:00pm:
	
		Free Trick-or-Treating throughout Downtown OWA | Participating businesses in Downtown OWA will be marked on their windows. **While supplies last**
		Characters Trick-or-Treat Stations throughout Downtown OWA
		Festive Marquee Light Photo Ops throughout Downtown OWA
	
	

Sunday, October 26th | Trick-or-Treating


	4:00pm-7:00pm:

	
		Free Trick-or-Treating throughout Downtown OWA | Participating businesses in Downtown OWA will be marked on their windows. **While supplies last**
		Kids Activities:
		
			DIY Trick-or-Treat Bag at the Sweet Tooth Flowerbed
			Ghost Hunt at the Waffles R Wild Alcove
			Creative Cruiser Pumpkin Decorating at the Splashpad
		
		
		Characters Trick-or-Treat Stations throughout Downtown OWA
		Festive Marquee Light Photo Ops throughout Downtown OWA
	
	
	6:00 pm: Island BOOvie Night: Double Double Toil and Trouble

Thursday, October 31st | Trick-or-Treating


	4:00pm-7:00pm:

	
		Free Trick-or-Treating throughout Downtown OWA | Participating businesses in Downtown OWA will be marked on their windows. **While supplies last**
		Kids Activities:
		
			DIY Trick-or-Treat Bag at the Sweet Tooth Flowerbed
			Ghost Hunt at the Waffles R Wild Alcove
			Witch Hat Ring Toss at the Natie Treasures Alcove
		
		
		Live DJ music at the Splashpad
		Characters Trick-or-Treat Stations throughout Downtown OWA
		Festive Marquee Light Photo Ops throughout Downtown OWA",Downtown OWA,2025-10-12,2025-10-13,https://business.perdidochamber.com/events/details/halloween-at-owa-10-12-2025-39473,e.2644.39473,,,,https://business.perdidochamber.com/events/ical/halloween-at-owa-10-12-2025-39473.ics,https://business.perdidochamber.com/events/details/halloween-at-owa-10-12-2025-39473?calendarMonth=2025-10-01,1.0,0.9896135808582285,False
Flora-Bama Annual Oktoberfest,"Sunday, October 12th



3pm to 6pm

Break out your lederhosen for the Flora-Bama's Oktoberfest! Receive a free drink upon entry for those 21 and up, 25% off in the gift shop, and complimentary German food from the buffet (while supplies last). The stein hoisting competition sponsored by Samuel Adams will begin at 3pm. Food is served at 4pm and the menu includes Beer Brats, Sauerkraut, and German Potato Salad.

We have a FREE stein to those who participate in the stein hoisting contest. Followed by live music by The Brats at 4pm in the Bama Dome. This New Orleans based polka band will have you laughing and dancing all evening!

Timeline of Events:

2pm - Registration Begins for Stein Hoisting Competition. We will only accept the first 8 females to sign up for the female heat and the first 16 males to sign up for the two male heats. 

3pm - Stein Hoisting Competition Begins

4pm - Food is served and The Brats begin","Flora-Bama Lounge Package & Oyster Bar 17401 Perdido Key Dr. Perdido Key, FL. 32507",2025-10-12T20:00:00+00:00,2025-10-12T23:00:00+00:00,https://business.perdidochamber.com/events/details/flora-bama-annual-oktoberfest-38847,e.2644.38847,,,,https://business.perdidochamber.com/events/ical/flora-bama-annual-oktoberfest-38847.ics,https://business.perdidochamber.com/events/details/flora-bama-annual-oktoberfest-38847?calendarMonth=2025-10-01,1.0,0.9793025186963132,False
Music Bingo at Lillian's Pizza,"Kick off your weekend early with Music Bingo by Team Trivia every Monday at Lillian's Pizza! We'll be spinning hits from the 60s to the 2000s covering all your favorite genres. It's FREE to play, and we've got prizes for every winner! Come early, grab some dinner or drinks, and enjoy a fun night of music and good vibes. We start at 7 PM see you there!","Lillian's Pizza 14514 Perdido Key Drive, Pensacola 32507 850-492-0131",2025-10-14T00:00:00+00:00,2025-10-14T02:00:00+00:00,https://business.perdidochamber.com/events/details/music-bingo-at-lillian-s-pizza-10-13-2025-39365,e.2644.39365,,,,https://business.perdidochamber.com/events/ical/music-bingo-at-lillian-s-pizza-10-13-2025-39365.ics,https://business.perdidochamber.com/events/details/music-bingo-at-lillian-s-pizza-10-13-2025-39365?calendarMonth=2025-10-01,1.0,0.978881748534253,False
Team Trivia at Perdido Key Sports Bar,"Think you have what it takes to be crowned the trivia master? Join us for Team Trivia every Tuesday at Perdido Key Sports Bar! It's FREE to play, and there are great prizes for the top 3 winning teams. Come early, grab dinner or drinks, and enjoy a fun evening with friends. We start at 7 PM see you there!","Perdido Key Sports Bar & Restaurant 13583 Perdido Key Drive, Pensacola 32507",2025-10-15T00:00:00+00:00,2025-10-15T02:00:00+00:00,https://business.perdidochamber.com/events/details/team-trivia-at-perdido-key-sports-bar-10-14-2025-39123,e.2644.39123,,,,https://business.perdidochamber.com/events/ical/team-trivia-at-perdido-key-sports-bar-10-14-2025-39123.ics,https://business.perdidochamber.com/events/details/team-trivia-at-perdido-key-sports-bar-10-14-2025-39123?calendarMonth=2025-10-01,1.0,0.9788666679466308,False
Team Trivia at Lillian's Pizza,"Think you have what it takes to be crowned the trivia master? Join us for Team Trivia every Wednesday at Lillian's Pizza! It's FREE to play, and there are great prizes for the top 3 winning teams. Come early, grab dinner or drinks, and enjoy a fun evening with friends. We start at 7 PM see you there!","Lillian's Pizza 14514 Perdido Key Drive, Pensacola 32507 850-492-0131",2025-10-16T00:00:00+00:00,2025-10-16T02:00:00+00:00,https://business.perdidochamber.com/events/details/team-trivia-at-lillian-s-pizza-10-15-2025-39387,e.2644.39387,,,,https://business.perdidochamber.com/events/ical/team-trivia-at-lillian-s-pizza-10-15-2025-39387.ics,https://business.perdidochamber.com/events/details/team-trivia-at-lillian-s-pizza-10-15-2025-39387?calendarMonth=2025-10-01,1.0,0.9850716303791992,False
Trick or Dink Open Play,"Get ready for a spooktacular time at Trick or Dink Open Play at Pickleball at OWA! Come celebrate the season with us every Thursday in October from 1:00 to 5:00 PM. Non-members play for $7, and members play free! Grab your BONES (paddles) and bring your ghostly crew for an afternoon of friendly competition. It's the perfect way to enjoy the season!



Check out all the details and register here: https://visitowa.com/entertainment/.",Pickleball at OWA,2025-10-16T18:00:00+00:00,2025-10-16T22:00:00+00:00,https://business.perdidochamber.com/events/details/trick-or-dink-open-play-10-16-2025-39468,e.2644.39468,,,,https://business.perdidochamber.com/events/ical/trick-or-dink-open-play-10-16-2025-39468.ics,https://business.perdidochamber.com/events/details/trick-or-dink-open-play-10-16-2025-39468?calendarMonth=2025-10-01,1.0,0.978826472293303,False
Buzz Runners,"All are welcome, no matter your pace! Whether you're a speedy sprinter, steady jogger, or happy walker, this is the perfect way to get outside, meet new friends, and kick off your evening right.

 

Join us for a relaxed 5K run/walk, then stick around for good vibes, cold drinks, and $1 off pints after the run!",Beach Buzz 12700 Gulf Beach Highway,2025-10-16T22:30:00+00:00,2025-10-16T23:30:00+00:00,https://business.perdidochamber.com/events/details/buzz-runners-10-16-2025-39491,e.2644.39491,,,,https://business.perdidochamber.com/events/ical/buzz-runners-10-16-2025-39491.ics,https://business.perdidochamber.com/events/details/buzz-runners-10-16-2025-39491?calendarMonth=2025-10-01,1.0,0.978860580376362,False
3rd Annual Evening for the Estuaries Gala,"The Pensacola and Perdido Bays Estuary Program's third annual Evening for the Estuaries Fundraising Gala is set for October 16, 2025 from 6:00 till 9:00 at the Coastal Arts Center of Orange Beach! Join us for an evening of live music, awards, drinks, hors d'oeuvres (including oysters!), a silent auction, and giving back to the waters we call home.","Coastal Arts Center of Orange Beach 26389 Canal Road Orange Beach, Alabama 36561 United States",2025-10-16T23:00:00+00:00,2025-10-17T02:00:00+00:00,https://business.perdidochamber.com/events/details/3rd-annual-evening-for-the-estuaries-gala-39417,e.2644.39417,,,,https://business.perdidochamber.com/events/ical/3rd-annual-evening-for-the-estuaries-gala-39417.ics,https://business.perdidochamber.com/events/details/3rd-annual-evening-for-the-estuaries-gala-39417?calendarMonth=2025-10-01,1.0,0.8063069493238266,False
Wine & Beer Dinner,"Come enjoy a four course seated dinner prepared by our amazing chefs in our beautiful Private Dining Room. Each meal will be paired with either a glass of wine or beer pairing. Now taking reservations for Thursday, October 16th. Limited spots available. Dinner starts at 6:30 p.m.",Cobalt the Restaurant,2025-10-16T23:30:00+00:00,2025-10-17T02:00:00+00:00,https://business.perdidochamber.com/events/details/wine-beer-dinner-39480,e.2644.39480,,,,https://business.perdidochamber.com/events/ical/wine-beer-dinner-39480.ics,https://business.perdidochamber.com/events/details/wine-beer-dinner-39480?calendarMonth=2025-10-01,1.0,0.978866182184153,False
Music Bingo at Perdido Key Sports Bar,"Kick off your weekend early with Music Bingo by Team Trivia every Thursday at Perdido Key Sports Bar! We'll be spinning hits from the 60s to the 2000s covering all your favorite genres. It's FREE to play, and we've got prizes for every winner! Come early, grab some dinner or drinks, and enjoy a fun night of music and good vibes. We start at 7 PM see you there!",Perdido Key Sports Bar & Restaurant,2025-10-17T00:00:00+00:00,2025-10-17T02:00:00+00:00,https://business.perdidochamber.com/events/details/music-bingo-at-perdido-key-sports-bar-10-16-2025-39344,e.2644.39344,,,,https://business.perdidochamber.com/events/ical/music-bingo-at-perdido-key-sports-bar-10-16-2025-39344.ics,https://business.perdidochamber.com/events/details/music-bingo-at-perdido-key-sports-bar-10-16-2025-39344?calendarMonth=2025-10-01,1.0,0.9788971657339492,False
Halloween at OWA,"Find frightful fun in Downtown OWA for a Halloween season full of candy, costumes, and more! Starting October 11th, join us on Saturdays and Sundays as Downtown OWA transforms into a spooktacular destination filled with thrilling events for all ages.



From an ALL-NEW Drone Show at HalGLOWeen to four-legged fun at Howl-O-Ween, there's something new to experience each week! Kids can enjoy trick-or-treating on select dates, while families and friends can gather for events like Monster Bash and Island BOOvie Nights.



Check out all the details: https://visitowa.com/halloween-at-owa/.



Save the dates below for a Halloween celebration that will leave you screaming for more!

 

Schedule of Events

Saturday, October 11th

	2:00pm-8:00pm:
	
		Howl-o-ween | Check out the details here: https://visitowa.com/halloween-at-owa/.
		Kids Activities:
		
			Pumpkin Tic-Tac-Toe at the Splashpad
			Broom Stick Racing at the Waffles R Wild Alcove
			Witch Hat Ring Toss at the Native Treasures Alcove
		
		
	
	
	4:00pm-7:00pm: Festive Marquee Light Photo Ops throughout Downtown OWA

Sunday, October 12th


	4:00pm-7:00pm: 

	
		Kids Activities:
		
			Pumpkin Tic-Tac-Toe at the Splashpad
			Broom Stick Racing at the Waffles R Wild Alcove
			Witch Hat Ring Toss at the Native Treasures Alcove
		
		
		Festive Marquee Light Photo Ops throughout Downtown OWA
	
	
	6:00 pm: Island BOOvie Night: Halloweentown

Saturday, October 18th


	2:00pm-6:00pm: 

	
		Kids Activities:
		
			Pumpkin Tic-Tac-Toe at the Splashpad
			Broom Stick Racing at the Waffles R Wild Alcove
			Witch Hat Ring Toss at the Native Treasures Alcove
		
		
		Live DJ music at the Splashpad
	
	
	2:00pm-9:00pm: Festive Marquee Light Photo Ops throughout Downtown OWA
	6:00pm-9:00pm: HalGLOWeen & Drone Show in Downtown OWA | Check out the details here: https://visitowa.com/halgloween-drone-show/.

Sunday, October 19th


	4:00pm-7:00pm: 

	
		Kids Activities:
		
			Pumpkin Tic-Tac-Toe at the Splashpad
			Ghost Hunt at the Waffles R Wild Alcove
			Witch Hat Ring Toss at the Native Treasures Alcove
		
		
		Festive Marquee Light Photo Ops throughout Downtown OWA
	
	
	6:00 pm: Island BOOvie Night: Hocus Pocus

Saturday, October 25th | Trick-or-Treating


	11:00 am-9:00 pm: Monster Bash in Downtown OWA | Check out the details here: https://visitowa.com/monster-bash/.
	1:00pm-9:00pm: Kids Activities:
	
		DIY Trick-or-Treat Bag at the Sweet Tooth Flowerbed
		Ghost Hunt at the Waffles R Wild Alcove
		Witch Hat Ring Toss at the Native Treasures Alcove
	
	
	4:00pm-7:00pm:
	
		Free Trick-or-Treating throughout Downtown OWA | Participating businesses in Downtown OWA will be marked on their windows. **While supplies last**
		Characters Trick-or-Treat Stations throughout Downtown OWA
		Festive Marquee Light Photo Ops throughout Downtown OWA
	
	

Sunday, October 26th | Trick-or-Treating


	4:00pm-7:00pm:

	
		Free Trick-or-Treating throughout Downtown OWA | Participating businesses in Downtown OWA will be marked on their windows. **While supplies last**
		Kids Activities:
		
			DIY Trick-or-Treat Bag at the Sweet Tooth Flowerbed
			Ghost Hunt at the Waffles R Wild Alcove
			Creative Cruiser Pumpkin Decorating at the Splashpad
		
		
		Characters Trick-or-Treat Stations throughout Downtown OWA
		Festive Marquee Light Photo Ops throughout Downtown OWA
	
	
	6:00 pm: Island BOOvie Night: Double Double Toil and Trouble

Thursday, October 31st | Trick-or-Treating


	4:00pm-7:00pm:

	
		Free Trick-or-Treating throughout Downtown OWA | Participating businesses in Downtown OWA will be marked on their windows. **While supplies last**
		Kids Activities:
		
			DIY Trick-or-Treat Bag at the Sweet Tooth Flowerbed
			Ghost Hunt at the Waffles R Wild Alcove
			Witch Hat Ring Toss at the Natie Treasures Alcove
		
		
		Live DJ music at the Splashpad
		Characters Trick-or-Treat Stations throughout Downtown OWA
		Festive Marquee Light Photo Ops throughout Downtown OWA",Downtown OWA,2025-10-18,2025-10-19,https://business.perdidochamber.com/events/details/halloween-at-owa-10-18-2025-39474,e.2644.39474,,,,https://business.perdidochamber.com/events/ical/halloween-at-owa-10-18-2025-39474.ics,https://business.perdidochamber.com/events/details/halloween-at-owa-10-18-2025-39474?calendarMonth=2025-10-01,1.0,0.9896135808582285,False
Arts & Crafts On The Dock,"Hello Everyone! Come out to join us for Arts & Crafts On The Dock, at Bill Dickson Park on October 18th 9a-2p! We met some really great folks during our September event and look forward to meeting more. Visit Whirl Pop on Facebook or interested vendors can call/text us at 850-503-9599. See you on the dock!","Bill Dickson Park 3151 Fenceline Rd. Pensacola, FL 32507",2025-10-18T14:00:00+00:00,2025-10-18T19:00:00+00:00,https://business.perdidochamber.com/events/details/arts-crafts-on-the-dock-10-18-2025-39459,e.2644.39459,,,,https://business.perdidochamber.com/events/ical/arts-crafts-on-the-dock-10-18-2025-39459.ics,https://business.perdidochamber.com/events/details/arts-crafts-on-the-dock-10-18-2025-39459?calendarMonth=2025-10-01,1.0,0.9845513554944512,False
Boo at the Zoo,"Celebrate Halloween with the animals at your local non-profit Alabama Gulf Coast Zoo.



BOO at the ZOO 

Saturday, October 18, 2025

9:00 am - 12:00 pm 



A day full of scare-free fun, trick or treating, activities, and meet and greets with your favorite animal ambassadors.

Presented by Crye Leike Gulf Coast Real Estate

PRICING/TICKETS:

Boo at the Zoo is INCLUDED with regular Zoo admission! Purchase tickets here or at the door on the day of the event. 

Zoo Admission: Adults (age 13-61) $23.95, Senior (62+)/Military $20.95, Child (age 3-12) $15.95.

Zoo Members and children 2 years and younger are FREE! Membership cards must be shown at the entrance.

Not a Zoo Member? Don't miss out on special discounts. Join Today and Save!

All proceeds benefit the animals and programs of the Alabama Gulf Coast Zoo. 



Need to Know Information:

	Animal Encounters will be closed during the event.
	Bring your own treat bags.
	Dress in your best costumes for a chance to win a Golden Ticket to redeem for a prize in the gift shop.","Alabama Gulf Coast Zoo 20499 Oak Road East Gulf Shores, AL 36542",2025-10-18T14:00:00+00:00,2025-10-18T17:00:00+00:00,https://business.perdidochamber.com/events/details/boo-at-the-zoo-39482,e.2644.39482,,,,https://business.perdidochamber.com/events/ical/boo-at-the-zoo-39482.ics,https://business.perdidochamber.com/events/details/boo-at-the-zoo-39482?calendarMonth=2025-10-01,1.0,0.9802680623848529,False
Perdido Key Witches & Werewolves Halloween Bar Crawl,"????? Witches & Werewolves Unite! ?????



Hop on a luxury Party Shuttle and celebrate Halloween in a whole new way! Dress as your favorite witch or werewolf and enjoy a festive ride through Perdido Key's best restaurants   with tasty bites, sweet treats, and spooky games along the way.

All the fun supports a great cause: raising funds for Feeding the Gulf Coast Free Food Distribution in our community!



? Spots are limited   reserve your seat for a hauntingly good time! ?



??? TICKETS ARE NOW RELEASED! ???



?? Saturday, October 18

?? $30 | 60 People Max

?? Arrive at 11:00 AM

?? Start & Stop Location: Bushwhackers Landing Extra Lot



???? DRESS CODE:

Witch ?? ?? or Werewolf ??



?? CASH 4 GAMES:

$1 for Scratch Offs ???

50/50 Raffle - $5 single ticket ??? $20 for 5

Selfie Group Challenge - FREE



?? SPONSORS:

?? Freeman Roofing

?? Hummer4Hire

?? Team Trivia of Pensacola

?? Beach Buzz Restaurant

?? Cobalt Restaurant

?? Lillian's Pizza

?? Sunset Grille

?? Bushwhacker's Landing

?? AnnaMarie Photography



???? ???? BAR CRAWL SCHEDULE ???? ????



??? 11:00 AM - Park at Bushwhacker's Landing Side Lot

1?? 11:00 12:00 PM   Bushwhackers Landing

? Check-In & Welcome

??? Bites & ?? Brews

?? Halloween Music Bingo



?? 12:00 12:15 PM   Travel to Cobalt

2?? 12:15 1:15 PM   Cobalt Restaurant

?? Costume Contest: ?? ?? Best Witch & ?? Best Werewolf

?? Bites & ?? Drink Specials



?? 1:15 1:30 PM   Travel to Lillian's Pizza

3?? 1:30 2:30 PM   Lillian's Pizza

?? Halloween Feud



?? 2:30 2:40 PM   Travel to Sunset Grille

4?? 2:40 3:45 PM   Sunset Grille

??? Scratch Offs

?? Games



?? 3:45 4:00 PM   Travel to Beach Buzz

5?? 4:00 5:00 PM   Beach Buzz Restaurant

?? Bites & ?? Brews

?? Games



?? 5:05 5:10 PM   Return to Bushwhackers

6?? 5:10 PM   Bushwhackers Afterparty

?? Live Music

?? Celebrate the Crawl!

??? 50/50 RAFFLE WINNER

?? Half donated to the Musician Medical Fund Fundraiser at The Point Restaurant

??????????????????



?? ???? JOIN THE MAGIC!

Be part of the PKWWHP (Perdido Key Witches & Werewolves Halloween Paddle) event!

?? Proceeds benefit our very own 10k pound Feeding the Gulf Coast free food distribution drive-thru

?? Food Drive-Thru: Date TBD at Moonshine Saloon

? SIGN UP TODAY!

?? Shuttle seats are first-come, first-served

?? Everyone must sign a waiver

?? No Drinking & Driving afterwards!

?? Hashtags

#5pkwwhp #halloweenpensacola #witches #barcrawl

#halloweenperdidokeyfl

#kayakflorida #keygulls #lostkeykrewe See less","Bushwackers Landing Extra LOT 13515 Canal Dr, Pensacola, FL 32507",2025-10-18T16:00:00+00:00,2025-10-18T22:00:00+00:00,https://business.perdidochamber.com/events/details/perdido-key-witches-werewolves-halloween-bar-crawl-39483,e.2644.39483,,,,https://business.perdidochamber.com/events/ical/perdido-key-witches-werewolves-halloween-bar-crawl-39483.ics,https://business.perdidochamber.com/events/details/perdido-key-witches-werewolves-halloween-bar-crawl-39483?calendarMonth=2025-10-01,1.0,0.9859774131723446,False
HalGLOWeen Party & Drone Show,"Halloween gets a glowing twist at HalGLOWeen in Downtown OWA on October 18th! Families can enjoy free festive activities during the day, including a bubble glow party, before the fun continues on OWA Island with live entertainment like the musical production of Monsters Got Talent.



For the grand finale, watch the sky come alive during our never-before-seen Halloween Drone Show! This aerial display will fill the sky with stunning light formations and festive designs, creating a unique experience for guests of all ages.



It's spooky, it's glowing, and a brand-new way to celebrate HalGLOWeen in Downtown OWA, check out all the details: https://visitowa.com/halgloween-drone-show/.

 

Schedule of Events:

2:00pm-6:00pm: DJ Partick at the Splashpad

6:00pm   7:30pm: LED Stilt Walker roaming Downtown OWA

All day: Glow-in-the Dark Mini Golf on OWA Island

6:00pm - 8:30pm:

	Glow-In-The-Dark Facepainting at the Splashpad provided by Artlink Studios
	Glow-in-the-Dark Photo Op at the Splash pad
	Bubble Truck Glow Party at the Waffles R Wild Alcove
	Glow-in-the Dark Pumpkin Craft at the Native Treasures Alcove

6:00pm-8:30pm: Musical production of Monsters Got Talent by Seward Studios on the OWA Island Stage

6:30pm-8:00pm: Live Music by the Skeleton Band on the OWA Island Stage

8:30pm-9:00pm: ALL NEW Halloween Drone Show",Downtown OWA,2025-10-18T19:00:00+00:00,2025-10-19T02:00:00+00:00,https://business.perdidochamber.com/events/details/halgloween-party-drone-show-39479,e.2644.39479,,,,https://business.perdidochamber.com/events/ical/halgloween-party-drone-show-39479.ics,https://business.perdidochamber.com/events/details/halgloween-party-drone-show-39479?calendarMonth=2025-10-01,1.0,0.9999822182306513,False
Halloween at OWA,"Find frightful fun in Downtown OWA for a Halloween season full of candy, costumes, and more! Starting October 11th, join us on Saturdays and Sundays as Downtown OWA transforms into a spooktacular destination filled with thrilling events for all ages.



From an ALL-NEW Drone Show at HalGLOWeen to four-legged fun at Howl-O-Ween, there's something new to experience each week! Kids can enjoy trick-or-treating on select dates, while families and friends can gather for events like Monster Bash and Island BOOvie Nights.



Check out all the details: https://visitowa.com/halloween-at-owa/.



Save the dates below for a Halloween celebration that will leave you screaming for more!

 

Schedule of Events

Saturday, October 11th

	2:00pm-8:00pm:
	
		Howl-o-ween | Check out the details here: https://visitowa.com/halloween-at-owa/.
		Kids Activities:
		
			Pumpkin Tic-Tac-Toe at the Splashpad
			Broom Stick Racing at the Waffles R Wild Alcove
			Witch Hat Ring Toss at the Native Treasures Alcove
		
		
	
	
	4:00pm-7:00pm: Festive Marquee Light Photo Ops throughout Downtown OWA

Sunday, October 12th


	4:00pm-7:00pm: 

	
		Kids Activities:
		
			Pumpkin Tic-Tac-Toe at the Splashpad
			Broom Stick Racing at the Waffles R Wild Alcove
			Witch Hat Ring Toss at the Native Treasures Alcove
		
		
		Festive Marquee Light Photo Ops throughout Downtown OWA
	
	
	6:00 pm: Island BOOvie Night: Halloweentown

Saturday, October 18th


	2:00pm-6:00pm: 

	
		Kids Activities:
		
			Pumpkin Tic-Tac-Toe at the Splashpad
			Broom Stick Racing at the Waffles R Wild Alcove
			Witch Hat Ring Toss at the Native Treasures Alcove
		
		
		Live DJ music at the Splashpad
	
	
	2:00pm-9:00pm: Festive Marquee Light Photo Ops throughout Downtown OWA
	6:00pm-9:00pm: HalGLOWeen & Drone Show in Downtown OWA | Check out the details here: https://visitowa.com/halgloween-drone-show/.

Sunday, October 19th


	4:00pm-7:00pm: 

	
		Kids Activities:
		
			Pumpkin Tic-Tac-Toe at the Splashpad
			Ghost Hunt at the Waffles R Wild Alcove
			Witch Hat Ring Toss at the Native Treasures Alcove
		
		
		Festive Marquee Light Photo Ops throughout Downtown OWA
	
	
	6:00 pm: Island BOOvie Night: Hocus Pocus

Saturday, October 25th | Trick-or-Treating


	11:00 am-9:00 pm: Monster Bash in Downtown OWA | Check out the details here: https://visitowa.com/monster-bash/.
	1:00pm-9:00pm: Kids Activities:
	
		DIY Trick-or-Treat Bag at the Sweet Tooth Flowerbed
		Ghost Hunt at the Waffles R Wild Alcove
		Witch Hat Ring Toss at the Native Treasures Alcove
	
	
	4:00pm-7:00pm:
	
		Free Trick-or-Treating throughout Downtown OWA | Participating businesses in Downtown OWA will be marked on their windows. **While supplies last**
		Characters Trick-or-Treat Stations throughout Downtown OWA
		Festive Marquee Light Photo Ops throughout Downtown OWA
	
	

Sunday, October 26th | Trick-or-Treating


	4:00pm-7:00pm:

	
		Free Trick-or-Treating throughout Downtown OWA | Participating businesses in Downtown OWA will be marked on their windows. **While supplies last**
		Kids Activities:
		
			DIY Trick-or-Treat Bag at the Sweet Tooth Flowerbed
			Ghost Hunt at the Waffles R Wild Alcove
			Creative Cruiser Pumpkin Decorating at the Splashpad
		
		
		Characters Trick-or-Treat Stations throughout Downtown OWA
		Festive Marquee Light Photo Ops throughout Downtown OWA
	
	
	6:00 pm: Island BOOvie Night: Double Double Toil and Trouble

Thursday, October 31st | Trick-or-Treating


	4:00pm-7:00pm:

	
		Free Trick-or-Treating throughout Downtown OWA | Participating businesses in Downtown OWA will be marked on their windows. **While supplies last**
		Kids Activities:
		
			DIY Trick-or-Treat Bag at the Sweet Tooth Flowerbed
			Ghost Hunt at the Waffles R Wild Alcove
			Witch Hat Ring Toss at the Natie Treasures Alcove
		
		
		Live DJ music at the Splashpad
		Characters Trick-or-Treat Stations throughout Downtown OWA
		Festive Marquee Light Photo Ops throughout Downtown OWA",Downtown OWA,2025-10-19,2025-10-20,https://business.perdidochamber.com/events/details/halloween-at-owa-10-19-2025-39475,e.2644.39475,,,,https://business.perdidochamber.com/events/ical/halloween-at-owa-10-19-2025-39475.ics,https://business.perdidochamber.com/events/details/halloween-at-owa-10-19-2025-39475?calendarMonth=2025-10-01,1.0,0.9896135808582285,False
Music Bingo at Lillian's Pizza,"Kick off your weekend early with Music Bingo by Team Trivia every Monday at Lillian's Pizza! We'll be spinning hits from the 60s to the 2000s covering all your favorite genres. It's FREE to play, and we've got prizes for every winner! Come early, grab some dinner or drinks, and enjoy a fun night of music and good vibes. We start at 7 PM see you there!","Lillian's Pizza 14514 Perdido Key Drive, Pensacola 32507 850-492-0131",2025-10-21T00:00:00+00:00,2025-10-21T02:00:00+00:00,https://business.perdidochamber.com/events/details/music-bingo-at-lillian-s-pizza-10-20-2025-39366,e.2644.39366,,,,https://business.perdidochamber.com/events/ical/music-bingo-at-lillian-s-pizza-10-20-2025-39366.ics,https://business.perdidochamber.com/events/details/music-bingo-at-lillian-s-pizza-10-20-2025-39366?calendarMonth=2025-10-01,1.0,0.978881748534253,False
Team Trivia at Perdido Key Sports Bar,"Think you have what it takes to be crowned the trivia master? Join us for Team Trivia every Tuesday at Perdido Key Sports Bar! It's FREE to play, and there are great prizes for the top 3 winning teams. Come early, grab dinner or drinks, and enjoy a fun evening with friends. We start at 7 PM see you there!","Perdido Key Sports Bar & Restaurant 13583 Perdido Key Drive, Pensacola 32507",2025-10-22T00:00:00+00:00,2025-10-22T02:00:00+00:00,https://business.perdidochamber.com/events/details/team-trivia-at-perdido-key-sports-bar-10-21-2025-39124,e.2644.39124,,,,https://business.perdidochamber.com/events/ical/team-trivia-at-perdido-key-sports-bar-10-21-2025-39124.ics,https://business.perdidochamber.com/events/details/team-trivia-at-perdido-key-sports-bar-10-21-2025-39124?calendarMonth=2025-10-01,1.0,0.9788666679466308,False
Team Trivia at Lillian's Pizza,"Think you have what it takes to be crowned the trivia master? Join us for Team Trivia every Wednesday at Lillian's Pizza! It's FREE to play, and there are great prizes for the top 3 winning teams. Come early, grab dinner or drinks, and enjoy a fun evening with friends. We start at 7 PM see you there!","Lillian's Pizza 14514 Perdido Key Drive, Pensacola 32507 850-492-0131",2025-10-23T00:00:00+00:00,2025-10-23T02:00:00+00:00,https://business.perdidochamber.com/events/details/team-trivia-at-lillian-s-pizza-10-22-2025-39388,e.2644.39388,,,,https://business.perdidochamber.com/events/ical/team-trivia-at-lillian-s-pizza-10-22-2025-39388.ics,https://business.perdidochamber.com/events/details/team-trivia-at-lillian-s-pizza-10-22-2025-39388?calendarMonth=2025-10-01,1.0,0.9850716303791992,False
Trick or Dink Open Play,"Get ready for a spooktacular time at Trick or Dink Open Play at Pickleball at OWA! Come celebrate the season with us every Thursday in October from 1:00 to 5:00 PM. Non-members play for $7, and members play free! Grab your BONES (paddles) and bring your ghostly crew for an afternoon of friendly competition. It's the perfect way to enjoy the season!



Check out all the details and register here: https://visitowa.com/entertainment/.",Pickleball at OWA,2025-10-23T18:00:00+00:00,2025-10-23T22:00:00+00:00,https://business.perdidochamber.com/events/details/trick-or-dink-open-play-10-23-2025-39469,e.2644.39469,,,,https://business.perdidochamber.com/events/ical/trick-or-dink-open-play-10-23-2025-39469.ics,https://business.perdidochamber.com/events/details/trick-or-dink-open-play-10-23-2025-39469?calendarMonth=2025-10-01,1.0,0.978826472293303,False
Buzz Runners,"All are welcome, no matter your pace! Whether you're a speedy sprinter, steady jogger, or happy walker, this is the perfect way to get outside, meet new friends, and kick off your evening right.

 

Join us for a relaxed 5K run/walk, then stick around for good vibes, cold drinks, and $1 off pints after the run!",Beach Buzz 12700 Gulf Beach Highway,2025-10-23T22:30:00+00:00,2025-10-23T23:30:00+00:00,https://business.perdidochamber.com/events/details/buzz-runners-10-23-2025-39492,e.2644.39492,,,,https://business.perdidochamber.com/events/ical/buzz-runners-10-23-2025-39492.ics,https://business.perdidochamber.com/events/details/buzz-runners-10-23-2025-39492?calendarMonth=2025-10-01,1.0,0.978860580376362,False
Music Bingo at Perdido Key Sports Bar,"Kick off your weekend early with Music Bingo by Team Trivia every Thursday at Perdido Key Sports Bar! We'll be spinning hits from the 60s to the 2000s covering all your favorite genres. It's FREE to play, and we've got prizes for every winner! Come early, grab some dinner or drinks, and enjoy a fun night of music and good vibes. We start at 7 PM see you there!",Perdido Key Sports Bar & Restaurant,2025-10-24T00:00:00+00:00,2025-10-24T02:00:00+00:00,https://business.perdidochamber.com/events/details/music-bingo-at-perdido-key-sports-bar-10-23-2025-39345,e.2644.39345,,,,https://business.perdidochamber.com/events/ical/music-bingo-at-perdido-key-sports-bar-10-23-2025-39345.ics,https://business.perdidochamber.com/events/details/music-bingo-at-perdido-key-sports-bar-10-23-2025-39345?calendarMonth=2025-10-01,1.0,0.9788971657339492,False
Halloween at OWA,"Find frightful fun in Downtown OWA for a Halloween season full of candy, costumes, and more! Starting October 11th, join us on Saturdays and Sundays as Downtown OWA transforms into a spooktacular destination filled with thrilling events for all ages.



From an ALL-NEW Drone Show at HalGLOWeen to four-legged fun at Howl-O-Ween, there's something new to experience each week! Kids can enjoy trick-or-treating on select dates, while families and friends can gather for events like Monster Bash and Island BOOvie Nights.



Check out all the details: https://visitowa.com/halloween-at-owa/.



Save the dates below for a Halloween celebration that will leave you screaming for more!

 

Schedule of Events

Saturday, October 11th

	2:00pm-8:00pm:
	
		Howl-o-ween | Check out the details here: https://visitowa.com/halloween-at-owa/.
		Kids Activities:
		
			Pumpkin Tic-Tac-Toe at the Splashpad
			Broom Stick Racing at the Waffles R Wild Alcove
			Witch Hat Ring Toss at the Native Treasures Alcove
		
		
	
	
	4:00pm-7:00pm: Festive Marquee Light Photo Ops throughout Downtown OWA

Sunday, October 12th


	4:00pm-7:00pm: 

	
		Kids Activities:
		
			Pumpkin Tic-Tac-Toe at the Splashpad
			Broom Stick Racing at the Waffles R Wild Alcove
			Witch Hat Ring Toss at the Native Treasures Alcove
		
		
		Festive Marquee Light Photo Ops throughout Downtown OWA
	
	
	6:00 pm: Island BOOvie Night: Halloweentown

Saturday, October 18th


	2:00pm-6:00pm: 

	
		Kids Activities:
		
			Pumpkin Tic-Tac-Toe at the Splashpad
			Broom Stick Racing at the Waffles R Wild Alcove
			Witch Hat Ring Toss at the Native Treasures Alcove
		
		
		Live DJ music at the Splashpad
	
	
	2:00pm-9:00pm: Festive Marquee Light Photo Ops throughout Downtown OWA
	6:00pm-9:00pm: HalGLOWeen & Drone Show in Downtown OWA | Check out the details here: https://visitowa.com/halgloween-drone-show/.

Sunday, October 19th


	4:00pm-7:00pm: 

	
		Kids Activities:
		
			Pumpkin Tic-Tac-Toe at the Splashpad
			Ghost Hunt at the Waffles R Wild Alcove
			Witch Hat Ring Toss at the Native Treasures Alcove
		
		
		Festive Marquee Light Photo Ops throughout Downtown OWA
	
	
	6:00 pm: Island BOOvie Night: Hocus Pocus

Saturday, October 25th | Trick-or-Treating


	11:00 am-9:00 pm: Monster Bash in Downtown OWA | Check out the details here: https://visitowa.com/monster-bash/.
	1:00pm-9:00pm: Kids Activities:
	
		DIY Trick-or-Treat Bag at the Sweet Tooth Flowerbed
		Ghost Hunt at the Waffles R Wild Alcove
		Witch Hat Ring Toss at the Native Treasures Alcove
	
	
	4:00pm-7:00pm:
	
		Free Trick-or-Treating throughout Downtown OWA | Participating businesses in Downtown OWA will be marked on their windows. **While supplies last**
		Characters Trick-or-Treat Stations throughout Downtown OWA
		Festive Marquee Light Photo Ops throughout Downtown OWA
	
	

Sunday, October 26th | Trick-or-Treating


	4:00pm-7:00pm:

	
		Free Trick-or-Treating throughout Downtown OWA | Participating businesses in Downtown OWA will be marked on their windows. **While supplies last**
		Kids Activities:
		
			DIY Trick-or-Treat Bag at the Sweet Tooth Flowerbed
			Ghost Hunt at the Waffles R Wild Alcove
			Creative Cruiser Pumpkin Decorating at the Splashpad
		
		
		Characters Trick-or-Treat Stations throughout Downtown OWA
		Festive Marquee Light Photo Ops throughout Downtown OWA
	
	
	6:00 pm: Island BOOvie Night: Double Double Toil and Trouble

Thursday, October 31st | Trick-or-Treating


	4:00pm-7:00pm:

	
		Free Trick-or-Treating throughout Downtown OWA | Participating businesses in Downtown OWA will be marked on their windows. **While supplies last**
		Kids Activities:
		
			DIY Trick-or-Treat Bag at the Sweet Tooth Flowerbed
			Ghost Hunt at the Waffles R Wild Alcove
			Witch Hat Ring Toss at the Natie Treasures Alcove
		
		
		Live DJ music at the Splashpad
		Characters Trick-or-Treat Stations throughout Downtown OWA
		Festive Marquee Light Photo Ops throughout Downtown OWA",Downtown OWA,2025-10-25,2025-10-26,https://business.perdidochamber.com/events/details/halloween-at-owa-10-25-2025-39476,e.2644.39476,,,,https://business.perdidochamber.com/events/ical/halloween-at-owa-10-25-2025-39476.ics,https://business.perdidochamber.com/events/details/halloween-at-owa-10-25-2025-39476?calendarMonth=2025-10-01,1.0,0.9896135808582285,False
Sunset Grille Dog Walk 2025,"Bring your furry friend to Sunset Grille in Perdido Key, Florida for their Annual Dog Walk!

For a casual one-mile walk starting at Sunset Grille, walking down scenic Old River Road, and finishing at the dog park on River Road (along the Intracoastal Waterway).

After the walk, stick around for a pet costume contest, live festivities, and the perfect ending to the day watching the sunset from your table at the Grille.

100% of proceeds benefit Save Underdogs, a local Perdido Key rescue and adoption organization dedicated to helping dogs find loving homes.","Sunset Grille 14050 Canal A Way Drive, Pensacola, FL 32507",2025-10-25T20:00:00+00:00,2025-10-25T22:00:00+00:00,https://business.perdidochamber.com/events/details/sunset-grille-dog-walk-2025-39478,e.2644.39478,,,,https://business.perdidochamber.com/events/ical/sunset-grille-dog-walk-2025-39478.ics,https://business.perdidochamber.com/events/details/sunset-grille-dog-walk-2025-39478?calendarMonth=2025-10-01,1.0,0.9252940697559516,False
Halloween at OWA,"Find frightful fun in Downtown OWA for a Halloween season full of candy, costumes, and more! Starting October 11th, join us on Saturdays and Sundays as Downtown OWA transforms into a spooktacular destination filled with thrilling events for all ages.



From an ALL-NEW Drone Show at HalGLOWeen to four-legged fun at Howl-O-Ween, there's something new to experience each week! Kids can enjoy trick-or-treating on select dates, while families and friends can gather for events like Monster Bash and Island BOOvie Nights.



Check out all the details: https://visitowa.com/halloween-at-owa/.



Save the dates below for a Halloween celebration that will leave you screaming for more!

 

Schedule of Events

Saturday, October 11th

	2:00pm-8:00pm:
	
		Howl-o-ween | Check out the details here: https://visitowa.com/halloween-at-owa/.
		Kids Activities:
		
			Pumpkin Tic-Tac-Toe at the Splashpad
			Broom Stick Racing at the Waffles R Wild Alcove
			Witch Hat Ring Toss at the Native Treasures Alcove
		
		
	
	
	4:00pm-7:00pm: Festive Marquee Light Photo Ops throughout Downtown OWA

Sunday, October 12th


	4:00pm-7:00pm: 

	
		Kids Activities:
		
			Pumpkin Tic-Tac-Toe at the Splashpad
			Broom Stick Racing at the Waffles R Wild Alcove
			Witch Hat Ring Toss at the Native Treasures Alcove
		
		
		Festive Marquee Light Photo Ops throughout Downtown OWA
	
	
	6:00 pm: Island BOOvie Night: Halloweentown

Saturday, October 18th


	2:00pm-6:00pm: 

	
		Kids Activities:
		
			Pumpkin Tic-Tac-Toe at the Splashpad
			Broom Stick Racing at the Waffles R Wild Alcove
			Witch Hat Ring Toss at the Native Treasures Alcove
		
		
		Live DJ music at the Splashpad
	
	
	2:00pm-9:00pm: Festive Marquee Light Photo Ops throughout Downtown OWA
	6:00pm-9:00pm: HalGLOWeen & Drone Show in Downtown OWA | Check out the details here: https://visitowa.com/halgloween-drone-show/.

Sunday, October 19th


	4:00pm-7:00pm: 

	
		Kids Activities:
		
			Pumpkin Tic-Tac-Toe at the Splashpad
			Ghost Hunt at the Waffles R Wild Alcove
			Witch Hat Ring Toss at the Native Treasures Alcove
		
		
		Festive Marquee Light Photo Ops throughout Downtown OWA
	
	
	6:00 pm: Island BOOvie Night: Hocus Pocus

Saturday, October 25th | Trick-or-Treating


	11:00 am-9:00 pm: Monster Bash in Downtown OWA | Check out the details here: https://visitowa.com/monster-bash/.
	1:00pm-9:00pm: Kids Activities:
	
		DIY Trick-or-Treat Bag at the Sweet Tooth Flowerbed
		Ghost Hunt at the Waffles R Wild Alcove
		Witch Hat Ring Toss at the Native Treasures Alcove
	
	
	4:00pm-7:00pm:
	
		Free Trick-or-Treating throughout Downtown OWA | Participating businesses in Downtown OWA will be marked on their windows. **While supplies last**
		Characters Trick-or-Treat Stations throughout Downtown OWA
		Festive Marquee Light Photo Ops throughout Downtown OWA
	
	

Sunday, October 26th | Trick-or-Treating


	4:00pm-7:00pm:

	
		Free Trick-or-Treating throughout Downtown OWA | Participating businesses in Downtown OWA will be marked on their windows. **While supplies last**
		Kids Activities:
		
			DIY Trick-or-Treat Bag at the Sweet Tooth Flowerbed
			Ghost Hunt at the Waffles R Wild Alcove
			Creative Cruiser Pumpkin Decorating at the Splashpad
		
		
		Characters Trick-or-Treat Stations throughout Downtown OWA
		Festive Marquee Light Photo Ops throughout Downtown OWA
	
	
	6:00 pm: Island BOOvie Night: Double Double Toil and Trouble

Thursday, October 31st | Trick-or-Treating


	4:00pm-7:00pm:

	
		Free Trick-or-Treating throughout Downtown OWA | Participating businesses in Downtown OWA will be marked on their windows. **While supplies last**
		Kids Activities:
		
			DIY Trick-or-Treat Bag at the Sweet Tooth Flowerbed
			Ghost Hunt at the Waffles R Wild Alcove
			Witch Hat Ring Toss at the Natie Treasures Alcove
		
		
		Live DJ music at the Splashpad
		Characters Trick-or-Treat Stations throughout Downtown OWA
		Festive Marquee Light Photo Ops throughout Downtown OWA",Downtown OWA,2025-10-26,2025-10-27,https://business.perdidochamber.com/events/details/halloween-at-owa-10-26-2025-39477,e.2644.39477,,,,https://business.perdidochamber.com/events/ical/halloween-at-owa-10-26-2025-39477.ics,https://business.perdidochamber.com/events/details/halloween-at-owa-10-26-2025-39477?calendarMonth=2025-10-01,1.0,0.9896135808582285,False
5th Annual Perdido Key Witches & Werewolves Halloween Paddle Ride,"Save the Date, Spooky Paddlers! ?? ???? ??

The most exciting recreational community fundraising event on the Key is back!

Join us for the 5th Annual Witches & Werewolves Halloween Paddle Ride & Bar Crawl   a wickedly fun paddle route turned Halloween tradition in Perdido Key!

 


	When: Sunday, October 26 @ 12:00 PM
	Where: Galvez Landing, Perdido Key
	Who: 21+
	Why: Feeding the Gulf Coast Fundraiser
	How Much: $25
	Costume Contest: Dress to impress (or distress!)+ badass local Prizes
	Jam to local live music with us on the exclusive Spell Isle!


Chills, thrills & paddling spills! Grab your broomsticks, capes, and claws whether you're casting spells or howling at the sun, or playing in our games, this eerie adventure on the water is one you won't want to miss!

The Head Witches are gathering all of the ingredients for a WICKEDLY awesome party!! More details brewing soon  stay tuned & follow us on Facebook for detailed info, if you dare!","Galvez Landing- Innerarity Point, Perdido Key, Florida",2025-10-26T16:30:00+00:00,2025-10-26T23:00:00+00:00,https://business.perdidochamber.com/events/details/5th-annual-perdido-key-witches-werewolves-halloween-paddle-ride-39405,e.2644.39405,,,,https://business.perdidochamber.com/events/ical/5th-annual-perdido-key-witches-werewolves-halloween-paddle-ride-39405.ics,https://business.perdidochamber.com/events/details/5th-annual-perdido-key-witches-werewolves-halloween-paddle-ride-39405?calendarMonth=2025-10-01,1.0,0.9788575833027754,False
Trunk or Treat,"You're Invited to Trunk or Treat at Green Line Arms! Get ready for a night of candy, costumes, and community fun! This year we're teaming up with some amazing partners to make it bigger and better than ever!



Green Line Arms   hosting the event + opening our Virtual Range with a Pumpkin Shooter Challenge and Zombie Survival Game!

Coastal Pop   mixing up spooky specialty sodas & Halloween treats!

Big Moose BBQ   serving up delicious food hot off the smoker!

Vet Cola Foundation   sharing their mission while supporting our local military families.

Plus: Trunk-to-trunk trick-or-treating, games for kids of all ages, and lots more spooky surprises to come! 



26 October - 4-7pm 

Green Line Arms   1350 S. Blue Angel Parkway 

FREE | Open to ALL families (with a special salute to our military and first responder community)

Grab your costumes, bring the kids, and join us for a safe & festive Halloween night!",1350 S. Blue Angel Parkway,2025-10-26T21:00:00+00:00,2025-10-27T00:00:00+00:00,https://business.perdidochamber.com/events/details/trunk-or-treat-39485,e.2644.39485,,,,https://business.perdidochamber.com/events/ical/trunk-or-treat-39485.ics,https://business.perdidochamber.com/events/details/trunk-or-treat-39485?calendarMonth=2025-10-01,1.0,0.9788536647334555,False
Music Bingo at Lillian's Pizza,"Kick off your weekend early with Music Bingo by Team Trivia every Monday at Lillian's Pizza! We'll be spinning hits from the 60s to the 2000s covering all your favorite genres. It's FREE to play, and we've got prizes for every winner! Come early, grab some dinner or drinks, and enjoy a fun night of music and good vibes. We start at 7 PM see you there!","Lillian's Pizza 14514 Perdido Key Drive, Pensacola 32507 850-492-0131",2025-10-28T00:00:00+00:00,2025-10-28T02:00:00+00:00,https://business.perdidochamber.com/events/details/music-bingo-at-lillian-s-pizza-10-27-2025-39367,e.2644.39367,,,,https://business.perdidochamber.com/events/ical/music-bingo-at-lillian-s-pizza-10-27-2025-39367.ics,https://business.perdidochamber.com/events/details/music-bingo-at-lillian-s-pizza-10-27-2025-39367?calendarMonth=2025-10-01,1.0,0.978881748534253,False
Team Trivia at Perdido Key Sports Bar,"Think you have what it takes to be crowned the trivia master? Join us for Team Trivia every Tuesday at Perdido Key Sports Bar! It's FREE to play, and there are great prizes for the top 3 winning teams. Come early, grab dinner or drinks, and enjoy a fun evening with friends. We start at 7 PM see you there!","Perdido Key Sports Bar & Restaurant 13583 Perdido Key Drive, Pensacola 32507",2025-10-29T00:00:00+00:00,2025-10-29T02:00:00+00:00,https://business.perdidochamber.com/events/details/team-trivia-at-perdido-key-sports-bar-10-28-2025-39125,e.2644.39125,,,,https://business.perdidochamber.com/events/ical/team-trivia-at-perdido-key-sports-bar-10-28-2025-39125.ics,https://business.perdidochamber.com/events/details/team-trivia-at-perdido-key-sports-bar-10-28-2025-39125?calendarMonth=2025-10-01,1.0,0.9788666679466308,False
Women Mean Business Sunset Sail 2025,"Presented by Sail Wild Hearts & Women Mean Business 

Ladies, let's sail into the sunset together! Join us on Wednesday, October 29th from 4:45 6:45 PM for an exclusive evening aboard Wild Hearts, a 53-ft. sailing catamaran. With room for 49 guests, it's the perfect way to unwind, connect, and enjoy breathtaking Gulf views with fellow Perdido Chamber ladies.



The sail is generously donated by Sail Wild Hearts. Ticket fees help cover refreshments and gratuity for their incredible crew!



Location: Sail Wild Hearts, 27101 Perdido Beach Blvd, Orange Beach (across from Perdido Beach Resort)

On Board: Light snacks will be provided. You're welcome to bring your favorite beverages and small cooler (no glass).

Tickets: $25 Chamber Members | $40 Non-Members

Deadline: Space is limited. Reserve your spot by October 22nd!



This is more than just a cruise it's an opportunity to relax, mingle, and share an unforgettable evening on the water with the Women Mean Business Committee. Secure your spot today and join us for sunset views, laughter, and great company!

 






*All ticket sales are final and tickets are non-refundable. The Perdido Key Area Chamber of Commerce will not be responsible for reselling tickets if you are unable to attend. 



*By attending this event, you consent to photography, video recording, and its/their release, publication, or reproduction to be used by the Perdido Key Area Chamber of Commerce for promotional purposes, including on social media, websites, and other marketing materials.","WILD HEARTS is located in Orange Beach, Alabama directly across the street from Perdido Beach Resort 27101 Perdido Beach Blvd. (Hwy 182) We are docked on the north side of the highway on Cotton Bayou directly across the street from the Perdido Beach Resort. Just look for the signs directing you to the parking area and look for the tall mast on our bright yellow catamaran.",2025-10-29T21:45:00+00:00,2025-10-29T23:45:00+00:00,https://business.perdidochamber.com/events/details/women-mean-business-sunset-sail-2025-39457,e.2644.39457,,,,https://business.perdidochamber.com/events/ical/women-mean-business-sunset-sail-2025-39457.ics,https://business.perdidochamber.com/events/details/women-mean-business-sunset-sail-2025-39457?calendarMonth=2025-10-01,1.0,0.6487963782538454,True
Team Trivia at Lillian's Pizza,"Think you have what it takes to be crowned the trivia master? Join us for Team Trivia every Wednesday at Lillian's Pizza! It's FREE to play, and there are great prizes for the top 3 winning teams. Come early, grab dinner or drinks, and enjoy a fun evening with friends. We start at 7 PM see you there!","Lillian's Pizza 14514 Perdido Key Drive, Pensacola 32507 850-492-0131",2025-10-30T00:00:00+00:00,2025-10-30T02:00:00+00:00,https://business.perdidochamber.com/events/details/team-trivia-at-lillian-s-pizza-10-29-2025-39389,e.2644.39389,,,,https://business.perdidochamber.com/events/ical/team-trivia-at-lillian-s-pizza-10-29-2025-39389.ics,https://business.perdidochamber.com/events/details/team-trivia-at-lillian-s-pizza-10-29-2025-39389?calendarMonth=2025-10-01,1.0,0.9850716303791992,False
Buzz Runners,"All are welcome, no matter your pace! Whether you're a speedy sprinter, steady jogger, or happy walker, this is the perfect way to get outside, meet new friends, and kick off your evening right.

 

Join us for a relaxed 5K run/walk, then stick around for good vibes, cold drinks, and $1 off pints after the run!",Beach Buzz 12700 Gulf Beach Highway,2025-10-30T22:30:00+00:00,2025-10-30T23:30:00+00:00,https://business.perdidochamber.com/events/details/buzz-runners-10-30-2025-39493,e.2644.39493,,,,https://business.perdidochamber.com/events/ical/buzz-runners-10-30-2025-39493.ics,https://business.perdidochamber.com/events/details/buzz-runners-10-30-2025-39493?calendarMonth=2025-10-01,1.0,0.978860580376362,False
Music Bingo at Perdido Key Sports Bar,"Kick off your weekend early with Music Bingo by Team Trivia every Thursday at Perdido Key Sports Bar! We'll be spinning hits from the 60s to the 2000s covering all your favorite genres. It's FREE to play, and we've got prizes for every winner! Come early, grab some dinner or drinks, and enjoy a fun night of music and good vibes. We start at 7 PM see you there!",Perdido Key Sports Bar & Restaurant,2025-10-31T00:00:00+00:00,2025-10-31T02:00:00+00:00,https://business.perdidochamber.com/events/details/music-bingo-at-perdido-key-sports-bar-10-30-2025-39346,e.2644.39346,,,,https://business.perdidochamber.com/events/ical/music-bingo-at-perdido-key-sports-bar-10-30-2025-39346.ics,https://business.perdidochamber.com/events/details/music-bingo-at-perdido-key-sports-bar-10-30-2025-39346?calendarMonth=2025-10-01,1.0,0.9788971657339492,False
Flora-Bama Halloween Costume Contest,"Come in your Halloween digs and get in FREE! We love a good excuse to dress up, so hop on your broom sticks and come in your most elaborate costume.  With cash prizes, tons of people come to join in the annual Halloween costume contest! Details on the event are below. 

1st Place - $600

2nd Place - $500

3rd Place - $400","Flora-Bama Lounge Package & Oyster Bar 17401 Perdido Key Dr. Perdido Key, FL. 32507",2025-10-31,2025-11-01,https://business.perdidochamber.com/events/details/flora-bama-halloween-costume-contest-38846,e.2644.38846,,,,https://business.perdidochamber.com/events/ical/flora-bama-halloween-costume-contest-38846.ics,https://business.perdidochamber.com/events/details/flora-bama-halloween-costume-contest-38846?calendarMonth=2025-10-01,1.0,0.9788954762149784,False
Music Bingo at Lillian's Pizza,"Kick off your weekend early with Music Bingo by Team Trivia every Monday at Lillian's Pizza! We'll be spinning hits from the 60s to the 2000s covering all your favorite genres. It's FREE to play, and we've got prizes for every winner! Come early, grab some dinner or drinks, and enjoy a fun night of music and good vibes. We start at 7 PM see you there!","Lillian's Pizza 14514 Perdido Key Drive, Pensacola 32507 850-492-0131",2025-11-04T01:00:00+00:00,2025-11-04T03:00:00+00:00,https://business.perdidochamber.com/events/details/music-bingo-at-lillian-s-pizza-11-03-2025-39368,e.2644.39368,,,,https://business.perdidochamber.com/events/ical/music-bingo-at-lillian-s-pizza-11-03-2025-39368.ics,https://business.perdidochamber.com/events/details/music-bingo-at-lillian-s-pizza-11-03-2025-39368?calendarMonth=2025-11-01,1.0,0.978881748534253,False
Team Trivia at Perdido Key Sports Bar,"Think you have what it takes to be crowned the trivia master? Join us for Team Trivia every Tuesday at Perdido Key Sports Bar! It's FREE to play, and there are great prizes for the top 3 winning teams. Come early, grab dinner or drinks, and enjoy a fun evening with friends. We start at 7 PM see you there!","Perdido Key Sports Bar & Restaurant 13583 Perdido Key Drive, Pensacola 32507",2025-11-05T01:00:00+00:00,2025-11-05T03:00:00+00:00,https://business.perdidochamber.com/events/details/team-trivia-at-perdido-key-sports-bar-11-04-2025-39126,e.2644.39126,,,,https://business.perdidochamber.com/events/ical/team-trivia-at-perdido-key-sports-bar-11-04-2025-39126.ics,https://business.perdidochamber.com/events/details/team-trivia-at-perdido-key-sports-bar-11-04-2025-39126?calendarMonth=2025-11-01,1.0,0.9788666679466308,False
Team Trivia at Lillian's Pizza,"Think you have what it takes to be crowned the trivia master? Join us for Team Trivia every Wednesday at Lillian's Pizza! It's FREE to play, and there are great prizes for the top 3 winning teams. Come early, grab dinner or drinks, and enjoy a fun evening with friends. We start at 7 PM see you there!","Lillian's Pizza 14514 Perdido Key Drive, Pensacola 32507 850-492-0131",2025-11-06T01:00:00+00:00,2025-11-06T03:00:00+00:00,https://business.perdidochamber.com/events/details/team-trivia-at-lillian-s-pizza-11-05-2025-39390,e.2644.39390,,,,https://business.perdidochamber.com/events/ical/team-trivia-at-lillian-s-pizza-11-05-2025-39390.ics,https://business.perdidochamber.com/events/details/team-trivia-at-lillian-s-pizza-11-05-2025-39390?calendarMonth=2025-11-01,1.0,0.9850716303791992,False
41st Annual Frank Brown Songwriters Festival,Join us for the best 11 days on the FL/AL Gulf Coast! Hall of Fame and Grammy Award Songwriters share the stories behind the songs!!,Multiple venues on the FL/AL Gulf Coast,2025-11-06,2025-11-17,https://business.perdidochamber.com/events/details/41st-annual-frank-brown-songwriters-festival-39403,e.2644.39403,,,,https://business.perdidochamber.com/events/ical/41st-annual-frank-brown-songwriters-festival-39403.ics,https://business.perdidochamber.com/events/details/41st-annual-frank-brown-songwriters-festival-39403?calendarMonth=2025-11-01,1.0,0.9886998452272339,False
The 41st Annual Frank Brown International Songwriters' Festival,"The 41st annual Frank Brown International Songwriters' Festival will feature more than 200 nationally acclaimed songwriters in venues along the Florida / Alabama Gulf Coast from November 6th - 16th, 2025.  The festival is an opportunity for seasoned and aspiring songwriters and musicians from all over the world to have their songs heard, and for the public to learn the stories behind the lyrics that only the song's author can express.  During this exciting eleven day festival, performers will be hosted in over two dozen venues along the FL/AL Gulf Coast.",AL/FL Gulf Coast - in over two dozen venues.,2025-11-06T18:00:00+00:00,2025-11-17T03:00:00+00:00,https://business.perdidochamber.com/events/details/the-41st-annual-frank-brown-international-songwriters-festival-39690,e.2644.39690,,,,https://business.perdidochamber.com/events/ical/the-41st-annual-frank-brown-international-songwriters-festival-39690.ics,https://business.perdidochamber.com/events/details/the-41st-annual-frank-brown-international-songwriters-festival-39690?calendarMonth=2025-11-01,1.0,0.8676711576046476,False
Buzz Runners,"All are welcome, no matter your pace! Whether you're a speedy sprinter, steady jogger, or happy walker, this is the perfect way to get outside, meet new friends, and kick off your evening right.

 

Join us for a relaxed 5K run/walk, then stick around for good vibes, cold drinks, and $1 off pints after the run!",Beach Buzz 12700 Gulf Beach Highway,2025-11-06T23:30:00+00:00,2025-11-07T00:30:00+00:00,https://business.perdidochamber.com/events/details/buzz-runners-11-06-2025-39494,e.2644.39494,,,,https://business.perdidochamber.com/events/ical/buzz-runners-11-06-2025-39494.ics,https://business.perdidochamber.com/events/details/buzz-runners-11-06-2025-39494?calendarMonth=2025-11-01,1.0,0.978860580376362,False
Music Bingo at Perdido Key Sports Bar,"Kick off your weekend early with Music Bingo by Team Trivia every Thursday at Perdido Key Sports Bar! We'll be spinning hits from the 60s to the 2000s covering all your favorite genres. It's FREE to play, and we've got prizes for every winner! Come early, grab some dinner or drinks, and enjoy a fun night of music and good vibes. We start at 7 PM see you there!",Perdido Key Sports Bar & Restaurant,2025-11-07T01:00:00+00:00,2025-11-07T03:00:00+00:00,https://business.perdidochamber.com/events/details/music-bingo-at-perdido-key-sports-bar-11-06-2025-39347,e.2644.39347,,,,https://business.perdidochamber.com/events/ical/music-bingo-at-perdido-key-sports-bar-11-06-2025-39347.ics,https://business.perdidochamber.com/events/details/music-bingo-at-perdido-key-sports-bar-11-06-2025-39347?calendarMonth=2025-11-01,1.0,0.9788971657339492,False
Star Spangled Sail Veteran's Day Boat Parade,"Set sail for a patriotic celebration on the water! Join us for the first Perdido Key Veterans Day Boat Parade   Star Spangled Sail as we honor our nation's heroes with a festive day on the waves.



Decorate your boats in red, white, and blue and cruise along the Perdido Key waterways to showcase your creativity and spirit. The parade will kick off at 1:00 PM from Sunset Grille, with decorated boats traveling along the route for spectators to enjoy from multiple viewing spots around Perdido Key. The parade will end at Flora-Bama's Ole River Grill with an after-party!



Special local guest judges will be on hand to select the Best Decorated Boat, with prizes awarded for the standout designs. Whether you're on the water or watching from shore, it's a celebration you won't want to miss!



Flotilla Viewing Locations & Route 

- Sunset Grille 

- Oyster Bar 

- Entertainer Bait & Tackle | Jaime's Local Seafood Shack 

- Bushwacker's Landing 

- Hub Stacey's at the Point & Galvez Landing 

- Innerarity Point Park 

- Perdido Key Dog Park

- Flora-Bama Yacht Club & Ole River Grill",Set Sail from Sunset Grille at 1:00PM After Party at Flora-Bama Ole River Grille at 3:00PM,2025-11-09T19:00:00+00:00,2025-11-09T21:00:00+00:00,https://business.perdidochamber.com/events/details/star-spangled-sail-veteran-s-day-boat-parade-39406,e.2644.39406,,,,https://business.perdidochamber.com/events/ical/star-spangled-sail-veteran-s-day-boat-parade-39406.ics,https://business.perdidochamber.com/events/details/star-spangled-sail-veteran-s-day-boat-parade-39406?calendarMonth=2025-11-01,1.0,0.9943154683216943,False
Music Bingo at Lillian's Pizza,"Kick off your weekend early with Music Bingo by Team Trivia every Monday at Lillian's Pizza! We'll be spinning hits from the 60s to the 2000s covering all your favorite genres. It's FREE to play, and we've got prizes for every winner! Come early, grab some dinner or drinks, and enjoy a fun night of music and good vibes. We start at 7 PM see you there!","Lillian's Pizza 14514 Perdido Key Drive, Pensacola 32507 850-492-0131",2025-11-11T01:00:00+00:00,2025-11-11T03:00:00+00:00,https://business.perdidochamber.com/events/details/music-bingo-at-lillian-s-pizza-11-10-2025-39369,e.2644.39369,,,,https://business.perdidochamber.com/events/ical/music-bingo-at-lillian-s-pizza-11-10-2025-39369.ics,https://business.perdidochamber.com/events/details/music-bingo-at-lillian-s-pizza-11-10-2025-39369?calendarMonth=2025-11-01,1.0,0.978881748534253,False
Team Trivia at Perdido Key Sports Bar,"Think you have what it takes to be crowned the trivia master? Join us for Team Trivia every Tuesday at Perdido Key Sports Bar! It's FREE to play, and there are great prizes for the top 3 winning teams. Come early, grab dinner or drinks, and enjoy a fun evening with friends. We start at 7 PM see you there!","Perdido Key Sports Bar & Restaurant 13583 Perdido Key Drive, Pensacola 32507",2025-11-12T01:00:00+00:00,2025-11-12T03:00:00+00:00,https://business.perdidochamber.com/events/details/team-trivia-at-perdido-key-sports-bar-11-11-2025-39127,e.2644.39127,,,,https://business.perdidochamber.com/events/ical/team-trivia-at-perdido-key-sports-bar-11-11-2025-39127.ics,https://business.perdidochamber.com/events/details/team-trivia-at-perdido-key-sports-bar-11-11-2025-39127?calendarMonth=2025-11-01,1.0,0.9788666679466308,False
Team Trivia at Lillian's Pizza,"Think you have what it takes to be crowned the trivia master? Join us for Team Trivia every Wednesday at Lillian's Pizza! It's FREE to play, and there are great prizes for the top 3 winning teams. Come early, grab dinner or drinks, and enjoy a fun evening with friends. We start at 7 PM see you there!","Lillian's Pizza 14514 Perdido Key Drive, Pensacola 32507 850-492-0131",2025-11-13T01:00:00+00:00,2025-11-13T03:00:00+00:00,https://business.perdidochamber.com/events/details/team-trivia-at-lillian-s-pizza-11-12-2025-39391,e.2644.39391,,,,https://business.perdidochamber.com/events/ical/team-trivia-at-lillian-s-pizza-11-12-2025-39391.ics,https://business.perdidochamber.com/events/details/team-trivia-at-lillian-s-pizza-11-12-2025-39391?calendarMonth=2025-11-01,1.0,0.9850716303791992,False
Buzz Runners,"All are welcome, no matter your pace! Whether you're a speedy sprinter, steady jogger, or happy walker, this is the perfect way to get outside, meet new friends, and kick off your evening right.

 

Join us for a relaxed 5K run/walk, then stick around for good vibes, cold drinks, and $1 off pints after the run!",Beach Buzz 12700 Gulf Beach Highway,2025-11-13T23:30:00+00:00,2025-11-14T00:30:00+00:00,https://business.perdidochamber.com/events/details/buzz-runners-11-13-2025-39495,e.2644.39495,,,,https://business.perdidochamber.com/events/ical/buzz-runners-11-13-2025-39495.ics,https://business.perdidochamber.com/events/details/buzz-runners-11-13-2025-39495?calendarMonth=2025-11-01,1.0,0.978860580376362,False
Music Bingo at Perdido Key Sports Bar,"Kick off your weekend early with Music Bingo by Team Trivia every Thursday at Perdido Key Sports Bar! We'll be spinning hits from the 60s to the 2000s covering all your favorite genres. It's FREE to play, and we've got prizes for every winner! Come early, grab some dinner or drinks, and enjoy a fun night of music and good vibes. We start at 7 PM see you there!",Perdido Key Sports Bar & Restaurant,2025-11-14T01:00:00+00:00,2025-11-14T03:00:00+00:00,https://business.perdidochamber.com/events/details/music-bingo-at-perdido-key-sports-bar-11-13-2025-39348,e.2644.39348,,,,https://business.perdidochamber.com/events/ical/music-bingo-at-perdido-key-sports-bar-11-13-2025-39348.ics,https://business.perdidochamber.com/events/details/music-bingo-at-perdido-key-sports-bar-11-13-2025-39348?calendarMonth=2025-11-01,1.0,0.9788971657339492,False
Music Bingo at Lillian's Pizza,"Kick off your weekend early with Music Bingo by Team Trivia every Monday at Lillian's Pizza! We'll be spinning hits from the 60s to the 2000s covering all your favorite genres. It's FREE to play, and we've got prizes for every winner! Come early, grab some dinner or drinks, and enjoy a fun night of music and good vibes. We start at 7 PM see you there!","Lillian's Pizza 14514 Perdido Key Drive, Pensacola 32507 850-492-0131",2025-11-18T01:00:00+00:00,2025-11-18T03:00:00+00:00,https://business.perdidochamber.com/events/details/music-bingo-at-lillian-s-pizza-11-17-2025-39370,e.2644.39370,,,,https://business.perdidochamber.com/events/ical/music-bingo-at-lillian-s-pizza-11-17-2025-39370.ics,https://business.perdidochamber.com/events/details/music-bingo-at-lillian-s-pizza-11-17-2025-39370?calendarMonth=2025-11-01,1.0,0.978881748534253,False
Team Trivia at Perdido Key Sports Bar,"Think you have what it takes to be crowned the trivia master? Join us for Team Trivia every Tuesday at Perdido Key Sports Bar! It's FREE to play, and there are great prizes for the top 3 winning teams. Come early, grab dinner or drinks, and enjoy a fun evening with friends. We start at 7 PM see you there!","Perdido Key Sports Bar & Restaurant 13583 Perdido Key Drive, Pensacola 32507",2025-11-19T01:00:00+00:00,2025-11-19T03:00:00+00:00,https://business.perdidochamber.com/events/details/team-trivia-at-perdido-key-sports-bar-11-18-2025-39128,e.2644.39128,,,,https://business.perdidochamber.com/events/ical/team-trivia-at-perdido-key-sports-bar-11-18-2025-39128.ics,https://business.perdidochamber.com/events/details/team-trivia-at-perdido-key-sports-bar-11-18-2025-39128?calendarMonth=2025-11-01,1.0,0.9788666679466308,False
Team Trivia at Lillian's Pizza,"Think you have what it takes to be crowned the trivia master? Join us for Team Trivia every Wednesday at Lillian's Pizza! It's FREE to play, and there are great prizes for the top 3 winning teams. Come early, grab dinner or drinks, and enjoy a fun evening with friends. We start at 7 PM see you there!","Lillian's Pizza 14514 Perdido Key Drive, Pensacola 32507 850-492-0131",2025-11-20T01:00:00+00:00,2025-11-20T03:00:00+00:00,https://business.perdidochamber.com/events/details/team-trivia-at-lillian-s-pizza-11-19-2025-39392,e.2644.39392,,,,https://business.perdidochamber.com/events/ical/team-trivia-at-lillian-s-pizza-11-19-2025-39392.ics,https://business.perdidochamber.com/events/details/team-trivia-at-lillian-s-pizza-11-19-2025-39392?calendarMonth=2025-11-01,1.0,0.9850716303791992,False
Buzz Runners,"All are welcome, no matter your pace! Whether you're a speedy sprinter, steady jogger, or happy walker, this is the perfect way to get outside, meet new friends, and kick off your evening right.

 

Join us for a relaxed 5K run/walk, then stick around for good vibes, cold drinks, and $1 off pints after the run!",Beach Buzz 12700 Gulf Beach Highway,2025-11-20T23:30:00+00:00,2025-11-21T00:30:00+00:00,https://business.perdidochamber.com/events/details/buzz-runners-11-20-2025-39496,e.2644.39496,,,,https://business.perdidochamber.com/events/ical/buzz-runners-11-20-2025-39496.ics,https://business.perdidochamber.com/events/details/buzz-runners-11-20-2025-39496?calendarMonth=2025-11-01,1.0,0.978860580376362,False
Music Bingo at Perdido Key Sports Bar,"Kick off your weekend early with Music Bingo by Team Trivia every Thursday at Perdido Key Sports Bar! We'll be spinning hits from the 60s to the 2000s covering all your favorite genres. It's FREE to play, and we've got prizes for every winner! Come early, grab some dinner or drinks, and enjoy a fun night of music and good vibes. We start at 7 PM see you there!",Perdido Key Sports Bar & Restaurant,2025-11-21T01:00:00+00:00,2025-11-21T03:00:00+00:00,https://business.perdidochamber.com/events/details/music-bingo-at-perdido-key-sports-bar-11-20-2025-39349,e.2644.39349,,,,https://business.perdidochamber.com/events/ical/music-bingo-at-perdido-key-sports-bar-11-20-2025-39349.ics,https://business.perdidochamber.com/events/details/music-bingo-at-perdido-key-sports-bar-11-20-2025-39349?calendarMonth=2025-11-01,1.0,0.9788971657339492,False
Music Bingo at Lillian's Pizza,"Kick off your weekend early with Music Bingo by Team Trivia every Monday at Lillian's Pizza! We'll be spinning hits from the 60s to the 2000s covering all your favorite genres. It's FREE to play, and we've got prizes for every winner! Come early, grab some dinner or drinks, and enjoy a fun night of music and good vibes. We start at 7 PM see you there!","Lillian's Pizza 14514 Perdido Key Drive, Pensacola 32507 850-492-0131",2025-11-25T01:00:00+00:00,2025-11-25T03:00:00+00:00,https://business.perdidochamber.com/events/details/music-bingo-at-lillian-s-pizza-11-24-2025-39371,e.2644.39371,,,,https://business.perdidochamber.com/events/ical/music-bingo-at-lillian-s-pizza-11-24-2025-39371.ics,https://business.perdidochamber.com/events/details/music-bingo-at-lillian-s-pizza-11-24-2025-39371?calendarMonth=2025-11-01,1.0,0.978881748534253,False
Team Trivia at Perdido Key Sports Bar,"Think you have what it takes to be crowned the trivia master? Join us for Team Trivia every Tuesday at Perdido Key Sports Bar! It's FREE to play, and there are great prizes for the top 3 winning teams. Come early, grab dinner or drinks, and enjoy a fun evening with friends. We start at 7 PM see you there!","Perdido Key Sports Bar & Restaurant 13583 Perdido Key Drive, Pensacola 32507",2025-11-26T01:00:00+00:00,2025-11-26T03:00:00+00:00,https://business.perdidochamber.com/events/details/team-trivia-at-perdido-key-sports-bar-11-25-2025-39129,e.2644.39129,,,,https://business.perdidochamber.com/events/ical/team-trivia-at-perdido-key-sports-bar-11-25-2025-39129.ics,https://business.perdidochamber.com/events/details/team-trivia-at-perdido-key-sports-bar-11-25-2025-39129?calendarMonth=2025-11-01,1.0,0.9788666679466308,False
Team Trivia at Lillian's Pizza,"Think you have what it takes to be crowned the trivia master? Join us for Team Trivia every Wednesday at Lillian's Pizza! It's FREE to play, and there are great prizes for the top 3 winning teams. Come early, grab dinner or drinks, and enjoy a fun evening with friends. We start at 7 PM see you there!","Lillian's Pizza 14514 Perdido Key Drive, Pensacola 32507 850-492-0131",2025-11-27T01:00:00+00:00,2025-11-27T03:00:00+00:00,https://business.perdidochamber.com/events/details/team-trivia-at-lillian-s-pizza-11-26-2025-39393,e.2644.39393,,,,https://business.perdidochamber.com/events/ical/team-trivia-at-lillian-s-pizza-11-26-2025-39393.ics,https://business.perdidochamber.com/events/details/team-trivia-at-lillian-s-pizza-11-26-2025-39393?calendarMonth=2025-11-01,1.0,0.9850716303791992,False
Flora-Bama Thanksgiving Potluck,"Thanksgiving Day - Thursday, November 27th, 2025



We are so thankful each year for the wonderful guests, fantastic team members and amazing surroundings. The Flora-Bama invites you to eat, drink and be thankful at our traditional Thanksgiving Potluck Dinner. The turkey and ham will be provided by the Flora-Bama, and we encourage our patrons to bring a covered dish to share (disposable pans preferred) because that's what the season is all about!

Patrons are encouraged to bring a covered dish at 12 noon and we will begin serving at 1PM.","Flora-Bama Lounge Package & Oyster Bar 17401 Perdido Key Dr. Perdido Key, FL. 32507",2025-11-27T18:00:00+00:00,2025-11-27T22:00:00+00:00,https://business.perdidochamber.com/events/details/flora-bama-thanksgiving-potluck-38849,e.2644.38849,,,,https://business.perdidochamber.com/events/ical/flora-bama-thanksgiving-potluck-38849.ics,https://business.perdidochamber.com/events/details/flora-bama-thanksgiving-potluck-38849?calendarMonth=2025-11-01,1.0,0.9390549485923732,False
Buzz Runners,"All are welcome, no matter your pace! Whether you're a speedy sprinter, steady jogger, or happy walker, this is the perfect way to get outside, meet new friends, and kick off your evening right.

 

Join us for a relaxed 5K run/walk, then stick around for good vibes, cold drinks, and $1 off pints after the run!",Beach Buzz 12700 Gulf Beach Highway,2025-11-27T23:30:00+00:00,2025-11-28T00:30:00+00:00,https://business.perdidochamber.com/events/details/buzz-runners-11-27-2025-39497,e.2644.39497,,,,https://business.perdidochamber.com/events/ical/buzz-runners-11-27-2025-39497.ics,https://business.perdidochamber.com/events/details/buzz-runners-11-27-2025-39497?calendarMonth=2025-11-01,1.0,0.978860580376362,False
Music Bingo at Perdido Key Sports Bar,"Kick off your weekend early with Music Bingo by Team Trivia every Thursday at Perdido Key Sports Bar! We'll be spinning hits from the 60s to the 2000s covering all your favorite genres. It's FREE to play, and we've got prizes for every winner! Come early, grab some dinner or drinks, and enjoy a fun night of music and good vibes. We start at 7 PM see you there!",Perdido Key Sports Bar & Restaurant,2025-11-28T01:00:00+00:00,2025-11-28T03:00:00+00:00,https://business.perdidochamber.com/events/details/music-bingo-at-perdido-key-sports-bar-11-27-2025-39350,e.2644.39350,,,,https://business.perdidochamber.com/events/ical/music-bingo-at-perdido-key-sports-bar-11-27-2025-39350.ics,https://business.perdidochamber.com/events/details/music-bingo-at-perdido-key-sports-bar-11-27-2025-39350?calendarMonth=2025-11-01,1.0,0.9788971657339492,False
Elf Parade,"Downtown Pensacola's Winterfest will kick off the holiday season with its annual Elf Parade on Friday, Nov. 28 (Black Friday)! Led by Santa himself, this free, family-friendly tradition invites kids (and kids-at-heart) to don their elf ears, ugly sweaters, festive costumes and decorated wagons, bikes, skateboards and strollers and join the parade. There will be prizes awarded for the biggest ears, best outfits, best dog(s) in stroller and most creative stroller, skateboard and wagon. Line-up begins at 12:30 p.m. at Baylen and Government Streets, followed by a jolly parade through downtown streets.","Downtown Pensacola, FL",2025-11-28T19:30:00+00:00,2025-11-29T00:00:00+00:00,https://business.perdidochamber.com/events/details/elf-parade-39447,e.2644.39447,,,,https://business.perdidochamber.com/events/ical/elf-parade-39447.ics,https://business.perdidochamber.com/events/details/elf-parade-39447?calendarMonth=2025-11-01,1.0,0.9788724822365127,False
